REF,Company (Manufacturer),Company Location,Country of Bean Origin,Specific Bean Origin or Bar Name,Cocoa Percent (%),Ingredients,Most Memorable Characteristics,Rating
2542,0,57,16,822,68.0,5,189,3.0
2542,0,57,23,68,68.0,5,1117,3.5
2546,0,57,57,1243,72.0,5,629,3.0
797,1,17,3,178,71.65558252427185,12,2041,3.5
1011,1,17,33,982,70.0,12,103,2.75
1011,1,17,28,755,71.65558252427185,12,1847,3.0
1011,1,17,4,186,70.0,12,1106,3.25
1011,1,17,14,466,70.0,12,1574,3.75
1015,1,17,8,324,70.0,12,130,2.75
1015,1,17,5,167,70.0,12,1852,3.0
1015,1,17,34,990,70.0,12,1083,3.25
1015,1,17,57,283,71.65558252427185,12,1302,4.0
1019,1,17,35,1030,70.0,12,821,3.25
1019,1,17,35,258,71.65558252427185,12,254,3.5
1315,1,17,57,243,70.0,12,882,2.75
1315,1,17,11,369,70.0,12,1663,3.5
1315,1,17,57,1241,70.0,12,1230,3.5
1319,1,17,57,1076,70.0,12,20,3.75
1319,1,17,35,977,70.0,12,473,4.0
1676,1,17,52,665,70.0,12,133,2.75
1676,1,17,52,94,70.0,12,1452,3.0
1680,1,17,52,14,70.0,12,1094,3.5
1704,1,17,35,1089,70.0,12,777,3.5
2206,1,17,57,1054,70.0,12,13,3.5
2648,1,17,30,682,70.0,12,1035,4.0
2712,1,17,24,604,71.65558252427185,5,1670,3.75
2712,1,17,35,373,70.0,5,819,3.5
2716,1,17,3,446,71.65558252427185,12,2072,2.75
1462,3,57,35,300,70.0,1,2080,3.75
1470,3,57,35,1315,70.0,1,980,3.75
2462,3,57,30,1264,71.65558252427185,1,894,3.25
2470,3,57,35,128,70.0,1,923,3.5
705,4,15,16,1344,72.0,5,220,3.5
2438,5,58,56,770,71.65558252427185,1,2013,2.5
2438,5,58,56,773,70.0,1,57,2.75
2438,5,58,56,431,70.0,1,1628,3.0
2442,5,58,56,1176,70.0,1,1920,2.75
370,6,13,14,739,70.0,14,1480,3.0
316,7,32,30,1246,70.0,5,848,3.0
502,8,56,28,752,75.0,12,1876,2.75
508,8,56,4,878,75.0,12,639,2.75
636,8,56,24,120,75.0,12,884,3.75
1061,9,17,57,283,75.0,16,1538,2.5
1173,9,17,35,1047,71.65558252427185,16,158,2.5
1215,9,17,58,1354,75.0,17,1246,2.75
1215,9,17,28,749,71.65558252427185,17,203,3.0
1992,9,17,30,1061,75.0,18,1864,3.5
1944,10,33,14,1379,70.0,5,1555,3.5
1944,10,33,31,678,70.0,5,1610,3.5
1944,10,33,49,766,70.0,5,1566,3.5
1944,10,33,58,1273,70.0,5,1615,3.5
1728,11,57,31,872,71.65558252427185,5,1360,2.75
1732,11,57,3,197,71.65558252427185,5,1613,2.5
2044,11,57,13,952,70.0,5,1917,3.0
129,12,57,28,749,71.65558252427185,14,1747,3.5
147,12,57,57,376,71.65558252427185,14,2059,3.0
175,12,57,57,937,70.0,14,1797,3.75
304,12,57,24,121,71.65558252427185,14,1841,2.75
363,12,57,57,874,71.65558252427185,14,924,3.0
470,12,57,13,421,70.0,14,1319,3.75
470,12,57,14,536,70.0,14,1881,4.0
544,12,57,57,283,71.65558252427185,14,2075,3.0
725,12,57,34,885,70.0,14,1975,4.0
322,13,47,18,499,70.0,1,525,3.0
327,13,47,14,433,71.65558252427185,1,2053,2.75
464,13,47,18,499,71.65558252427185,1,1497,3.0
1964,14,41,35,787,70.0,19,1381,3.0
1964,14,41,35,1049,70.0,19,678,3.5
1145,15,37,35,711,71.65558252427185,5,1314,3.25
1145,15,37,35,151,73.0,5,1315,3.5
1498,16,6,13,402,75.0,1,909,3.25
1498,16,6,34,990,71.65558252427185,1,1695,3.25
1498,16,6,57,1348,71.65558252427185,1,1589,3.25
1498,16,6,35,1006,68.0,1,1439,3.5
75,17,27,2,1286,71.65558252427185,14,1400,3.75
123,17,27,14,433,71.65558252427185,14,331,3.0
123,17,27,26,595,71.65558252427185,14,1627,3.0
123,17,27,19,521,70.0,14,753,3.5
123,17,27,57,1348,70.0,14,343,3.75
129,17,27,53,1297,71.65558252427185,14,264,3.5
979,17,27,35,1039,70.0,14,386,3.75
2088,17,27,28,749,70.0,14,2032,3.0
2088,17,27,57,283,71.65558252427185,14,2033,3.0
2092,17,27,57,1054,70.0,14,1233,3.0
2092,17,27,2,908,75.0,14,1923,3.5
2434,17,27,2,1286,70.0,5,1176,2.75
572,2,5,4,876,71.65558252427185,12,1467,3.75
1065,2,5,4,255,75.0,12,779,3.25
1259,18,57,13,459,75.0,1,169,3.0
1852,19,57,3,31,75.0,1,1043,3.5
2586,19,57,1,838,75.0,1,131,3.0
2586,19,57,20,30,75.0,1,1317,3.25
1375,20,17,28,749,75.0,5,1552,3.0
1379,20,17,30,267,72.0,5,601,2.5
1379,20,17,14,466,75.0,5,66,2.75
1379,20,17,57,1296,75.0,5,1234,3.0
1534,21,57,4,476,70.0,1,390,3.5
1534,21,57,35,892,71.65558252427185,1,720,3.5
1534,21,57,14,1080,70.0,1,1770,3.75
1598,21,57,13,952,70.0,1,1765,3.5
1598,21,57,1,829,70.0,1,734,3.75
1598,21,57,31,305,70.0,1,428,4.0
1602,21,57,4,476,71.65558252427185,1,703,2.75
1602,21,57,20,535,70.0,1,1861,3.25
1602,21,57,14,210,75.0,5,971,3.5
1724,21,57,53,1159,70.0,1,478,3.5
1724,21,57,49,639,70.0,1,17,3.75
1900,21,57,58,1273,71.65558252427185,5,161,3.5
1904,21,57,14,547,70.0,5,1829,3.25
1904,21,57,14,349,71.65558252427185,5,188,3.25
1904,21,57,20,697,70.0,1,1898,3.5
1904,21,57,31,1115,70.0,5,1160,3.75
1908,21,57,22,688,70.0,1,1223,3.5
1908,21,57,10,360,70.0,1,28,4.0
1924,21,57,35,1017,71.65558252427185,1,322,4.0
1928,21,57,16,821,71.65558252427185,1,1678,3.25
1928,21,57,58,705,73.0,1,595,3.25
1928,21,57,13,459,70.0,1,444,3.75
2020,21,57,23,61,70.0,1,1657,3.5
2020,21,57,28,1126,71.65558252427185,5,1724,3.5
2020,21,57,58,152,73.0,5,1418,3.5
2024,21,57,3,166,70.0,1,303,4.0
2028,21,57,35,1322,70.0,5,506,3.5
2028,21,57,21,1020,70.0,1,1045,4.0
2068,21,57,53,1094,71.65558252427185,1,1183,3.0
2254,21,57,8,1303,70.0,1,1710,4.0
2330,21,57,23,602,70.0,5,896,3.25
2450,21,57,23,579,70.0,5,118,3.0
2162,22,35,31,814,70.0,1,1062,3.25
2162,22,35,31,871,70.0,1,1715,3.5
2162,22,35,31,316,70.0,1,1485,3.5
2166,22,35,31,76,70.0,1,230,3.0
300,23,56,9,338,72.0,5,1784,3.75
355,23,56,57,950,75.0,5,1303,2.5
355,23,56,24,603,71.65558252427185,5,860,2.75
363,23,56,4,188,72.0,5,229,1.75
363,23,56,35,1006,75.0,5,1757,3.0
363,23,56,13,402,72.0,5,1740,3.25
531,23,56,26,595,72.0,5,793,3.75
600,23,56,10,352,72.0,5,187,3.25
600,23,56,58,99,72.0,5,2007,3.25
600,23,56,24,119,72.0,5,71,3.5
729,23,56,21,551,72.0,5,1180,4.0
745,23,56,33,982,72.0,5,83,2.75
947,23,56,8,319,72.0,5,1054,3.75
1193,23,56,53,1299,72.0,5,839,3.25
1181,24,56,8,967,71.65558252427185,12,357,2.75
2562,25,27,23,584,72.0,12,201,3.25
2562,25,27,28,136,72.0,12,1868,3.25
2566,25,27,49,660,72.0,12,154,3.5
141,26,57,30,1381,75.0,1,1015,2.5
175,26,57,14,1157,70.0,1,1699,3.0
647,26,57,49,1266,72.0,1,420,3.75
661,26,57,22,348,70.0,1,790,3.75
1780,26,57,49,745,68.0,5,387,3.75
2434,27,1,42,1219,70.0,12,1260,3.0
2056,28,38,36,993,70.0,5,2054,3.0
2056,28,38,36,1227,70.0,5,1589,3.0
2056,28,38,36,1120,70.0,5,1049,3.5
2672,29,6,8,1303,70.0,1,175,2.5
2672,29,6,13,1388,70.0,1,997,3.0
995,30,1,28,1123,70.0,1,2008,3.0
999,30,1,4,107,71.65558252427185,1,168,2.5
999,30,1,2,575,70.0,1,167,2.5
1474,30,1,34,990,70.0,1,1676,3.5
2146,31,5,4,117,70.0,1,90,3.0
1454,32,37,35,125,70.0,5,1127,2.75
1454,32,37,35,576,71.65558252427185,5,73,3.5
2290,33,57,1,144,72.0,5,834,2.5
2294,33,57,49,639,72.0,5,47,3.25
983,34,57,13,426,70.0,1,290,3.25
983,34,57,30,267,70.0,1,1155,3.5
983,34,57,28,1123,70.0,1,1388,3.75
1295,34,57,35,788,71.65558252427185,1,396,4.0
1554,34,57,4,107,70.0,1,995,3.5
1980,34,57,10,1317,71.65558252427185,1,1661,3.5
1868,35,57,4,186,71.65558252427185,5,1862,3.75
2374,36,56,35,1006,71.65558252427185,14,1889,2.25
1948,37,56,29,89,71.65558252427185,5,155,3.0
1948,37,56,29,1197,71.65558252427185,5,1697,3.25
1784,38,57,4,189,71.65558252427185,5,947,2.75
1784,38,57,13,405,70.0,5,1609,2.75
1784,38,57,14,437,70.0,5,970,2.75
586,39,3,10,352,71.65558252427185,12,1333,2.75
586,39,3,14,433,71.65558252427185,12,526,3.5
1800,40,57,49,638,70.0,5,1819,3.5
1804,40,57,3,37,70.0,5,1283,3.25
1864,40,57,13,954,70.0,1,151,3.5
2190,41,60,58,705,75.0,5,900,3.25
2648,41,60,58,160,70.0,5,493,3.75
2246,42,44,58,1359,72.0,12,869,3.0
2246,42,44,23,64,72.0,12,867,3.0
2246,42,44,29,1236,72.0,12,1259,3.0
757,43,3,24,123,72.0,5,1692,4.0
773,43,3,28,1223,72.0,5,1008,3.75
1141,43,3,11,126,74.0,5,1991,3.5
1141,43,3,57,377,74.0,5,1245,3.5
1141,43,3,57,283,74.0,5,1121,3.5
1141,43,3,14,1109,73.0,5,198,4.0
2744,43,3,14,548,73.0,12,716,3.5
2744,43,3,57,489,74.0,12,476,3.0
508,44,52,57,236,70.0,5,356,3.25
508,44,52,57,1063,74.0,5,1228,3.25
508,44,52,57,947,72.0,5,452,3.5
636,44,52,57,588,72.0,5,298,3.5
636,44,52,14,433,72.0,5,373,4.0
1482,45,57,31,903,71.65558252427185,1,68,2.5
1486,45,57,10,1149,71.65558252427185,1,1141,2.5
2084,46,59,57,79,70.0,12,1698,3.5
2088,46,59,57,858,70.0,12,849,3.0
2088,46,59,57,233,70.0,12,615,3.0
233,47,57,28,1123,71.65558252427185,1,1424,3.0
233,47,57,33,173,75.0,1,992,3.5
233,47,57,13,1078,68.0,1,1190,3.75
256,47,57,18,72,70.0,1,1179,3.0
414,47,57,13,1078,75.0,1,172,3.0
423,47,57,28,1123,71.65558252427185,1,1515,3.25
478,47,57,24,122,71.65558252427185,1,524,3.25
502,47,57,2,1,70.0,1,1502,3.75
558,47,57,24,122,71.65558252427185,1,1334,2.75
565,47,57,28,1136,70.0,1,1394,3.0
963,47,57,18,499,72.0,5,1447,3.5
2108,48,57,21,551,71.65558252427185,1,719,3.0
2114,48,57,20,535,70.0,1,1135,3.0
2114,48,57,13,402,71.65558252427185,1,1946,3.25
2422,48,57,1,144,70.0,1,1270,2.75
256,49,57,13,691,71.65558252427185,5,2009,2.75
256,49,57,57,237,70.0,5,1908,2.75
256,49,57,31,824,70.0,5,1434,3.0
2574,49,57,13,317,70.0,12,105,3.75
1331,50,56,26,172,70.0,12,644,2.75
2590,51,57,8,1203,71.65558252427185,5,121,3.25
2590,51,57,1,839,71.65558252427185,5,916,3.25
322,52,47,2,964,72.0,14,1291,2.75
911,53,57,20,535,70.0,5,185,3.5
911,53,57,28,749,70.0,5,857,3.75
1752,53,57,20,697,75.0,1,1462,2.75
1752,53,57,49,639,75.0,1,101,3.5
1756,53,57,13,1394,75.0,1,23,3.0
1996,54,57,1,840,70.0,5,1364,2.75
2290,55,31,29,627,68.0,1,1924,2.5
2290,55,31,29,664,72.0,1,1930,2.75
2290,55,31,29,1262,74.0,1,811,3.25
24,56,17,2,252,71.65558252427185,5,1751,3.75
32,56,17,57,948,71.65558252427185,5,1536,3.75
48,56,17,57,783,75.0,5,334,4.0
75,56,17,28,749,75.0,5,1059,3.75
81,56,17,43,257,75.0,5,2038,3.0
81,56,17,57,283,75.0,5,319,4.0
123,56,17,14,466,71.65558252427185,5,537,2.5
199,56,17,57,1072,75.0,5,411,4.0
331,56,17,25,592,75.0,5,1298,3.0
336,56,17,35,1055,75.0,5,688,2.75
336,56,17,30,1070,71.65558252427185,5,1072,3.0
395,56,17,30,1384,75.0,5,657,3.0
629,56,17,11,369,75.0,5,649,3.5
629,56,17,35,375,75.0,5,1495,3.5
629,56,17,35,1031,71.65558252427185,5,316,3.5
629,56,17,4,720,75.0,5,196,3.75
629,56,17,21,551,75.0,5,794,4.0
629,56,17,28,751,75.0,5,667,4.0
672,56,17,4,609,71.65558252427185,5,1316,3.5
761,56,17,26,601,71.65558252427185,5,1284,3.25
1038,56,17,4,786,75.0,5,1306,3.5
1042,56,17,17,493,75.0,5,653,3.25
1339,56,17,4,622,75.0,5,351,4.0
1418,56,17,13,729,75.0,5,1494,3.25
1912,56,17,30,1187,71.65558252427185,5,889,3.5
2246,56,17,35,763,75.0,5,1308,4.0
2250,56,17,2,456,71.65558252427185,5,388,4.0
2554,56,17,31,449,71.65558252427185,5,100,3.75
1267,57,57,1,829,70.0,19,1624,2.75
1271,57,57,13,327,70.0,19,855,2.75
2096,58,57,3,1371,71.65558252427185,5,1184,4.0
2194,58,57,35,1322,71.65558252427185,5,1938,3.75
2254,58,57,14,468,75.0,5,30,3.5
1125,59,57,13,343,72.0,16,1313,3.0
1125,59,57,14,224,70.0,16,944,3.25
1129,59,57,18,506,75.0,16,618,3.5
1255,59,57,1,829,70.0,5,957,3.75
1355,59,57,57,283,70.0,5,985,4.0
1462,59,57,13,334,68.0,5,270,3.75
1868,59,57,57,533,70.0,5,1249,3.5
1868,59,57,31,936,70.0,5,1643,3.75
1980,59,57,13,460,70.0,5,575,3.25
1984,59,57,14,774,75.0,5,1547,3.75
1514,60,57,13,460,71.65558252427185,5,1492,3.0
1514,60,57,20,29,70.0,1,1986,3.5
1518,60,57,28,60,71.65558252427185,5,69,2.75
1518,60,57,1,829,71.65558252427185,5,1097,3.25
1149,61,57,26,595,70.0,14,171,3.0
1231,62,1,28,1220,72.0,5,1935,3.0
1231,62,1,13,781,70.0,5,1762,3.5
1231,62,1,14,222,72.0,5,696,3.5
1235,62,1,53,513,68.0,5,668,2.75
1638,63,41,14,433,71.65558252427185,1,1358,3.25
1181,64,57,13,402,71.65558252427185,5,852,2.75
2052,65,56,3,36,70.0,5,481,2.5
2052,65,56,20,713,70.0,5,1450,3.0
1299,66,57,53,1300,72.0,5,907,3.25
1299,66,57,14,868,71.65558252427185,5,717,3.5
1303,66,57,1,144,72.0,5,1469,3.25
1303,66,57,2,170,72.0,5,265,3.25
1323,66,57,14,438,71.65558252427185,5,1945,2.5
2314,67,46,14,433,71.65558252427185,1,1696,3.0
2274,71,53,48,1019,70.0,2,1149,3.25
2274,71,53,36,396,70.0,2,45,3.5
2266,72,6,20,91,70.0,12,2042,3.5
2266,72,6,3,166,71.65558252427185,12,1895,3.75
2330,72,6,20,882,70.0,12,1266,3.0
1606,73,40,37,1081,70.0,1,482,2.5
502,74,57,13,408,71.65558252427185,1,1278,2.5
502,74,57,13,404,75.0,1,307,2.75
600,74,57,57,995,75.0,1,1327,2.25
1215,74,57,35,1310,75.0,1,1453,2.5
141,75,17,57,1348,72.0,16,1537,2.0
300,75,17,49,1256,75.0,16,536,2.0
586,75,17,13,1175,70.0,16,1744,3.0
2226,76,52,8,540,72.0,1,1034,2.5
2226,76,52,8,539,72.0,1,1032,3.75
2230,76,52,8,541,72.0,1,1033,3.0
1391,84,59,57,13,75.0,1,966,2.5
1391,84,59,57,747,74.0,1,1226,3.25
1391,84,59,57,290,75.0,1,109,3.5
1395,84,59,57,290,70.0,1,760,3.75
1668,84,59,57,549,74.0,1,949,3.25
1692,84,59,57,1100,75.0,1,1787,3.25
2238,84,59,57,253,75.0,1,1530,2.75
2278,84,59,57,133,75.0,1,904,2.5
2278,84,59,57,228,70.0,1,1387,3.0
2076,77,57,57,283,70.0,1,1354,3.0
1430,78,8,8,1303,70.0,12,609,3.5
1434,78,8,8,185,69.0,12,823,2.75
1434,78,8,8,83,70.0,12,1000,3.25
1662,78,8,8,85,71.65558252427185,5,1436,3.75
1816,78,8,8,746,71.0,5,489,3.75
1816,78,8,8,1004,74.0,5,1076,3.75
1860,79,57,22,611,71.65558252427185,12,461,3.5
641,80,57,13,417,72.0,1,1518,3.0
991,80,57,13,364,71.65558252427185,1,1280,3.75
336,81,47,30,1068,71.65558252427185,12,488,4.0
346,81,47,30,1383,70.0,12,371,4.0
508,81,47,28,749,71.0,12,329,3.5
523,81,47,14,433,71.0,12,366,3.75
523,81,47,34,988,71.0,12,365,4.0
537,81,47,19,521,71.0,12,1637,3.25
537,81,47,57,1348,71.65558252427185,12,836,3.5
1908,81,47,9,764,71.65558252427185,12,1431,3.5
2510,82,57,13,1398,72.0,14,224,2.75
2510,82,57,35,1322,72.0,14,1009,2.75
2510,82,57,14,349,72.0,14,223,3.0
1684,83,28,28,749,70.0,1,1728,3.0
1684,83,28,35,1006,70.0,1,518,3.25
1684,83,28,58,1354,70.0,1,29,3.5
2084,85,46,18,499,70.0,19,903,3.0
2084,85,46,13,402,70.0,19,321,3.25
2084,85,46,14,433,70.0,19,727,3.5
2610,86,37,35,303,70.0,1,893,3.5
2610,86,37,35,1036,71.65558252427185,1,193,4.0
2614,86,37,35,704,70.0,1,275,3.5
237,87,13,14,53,71.65558252427185,12,1601,3.5
237,87,13,14,468,71.0,12,564,3.5
141,88,3,14,118,71.65558252427185,19,63,1.0
296,88,3,19,523,71.65558252427185,19,1934,2.75
749,68,27,39,1177,71.65558252427185,1,132,2.25
765,68,27,53,1297,70.0,1,123,2.5
1442,68,27,11,369,75.0,1,945,2.5
1442,68,27,13,402,71.65558252427185,1,967,3.0
1442,68,27,2,703,70.0,1,1273,3.5
1804,89,57,57,1054,75.0,5,1196,2.5
1804,89,57,49,1256,73.0,5,1910,2.75
1804,89,57,57,1056,70.0,5,1874,3.0
1808,89,57,3,178,75.0,5,1526,3.0
1808,89,57,4,186,70.0,5,435,3.25
2558,90,8,8,83,70.0,12,1748,3.25
2558,90,8,8,1303,70.0,12,1745,3.25
2558,90,8,8,277,70.0,12,1645,3.5
2558,90,8,8,859,70.0,12,221,3.75
245,91,13,14,731,71.65558252427185,12,429,2.75
269,91,13,14,468,71.65558252427185,12,1617,3.5
1263,92,34,34,1119,71.65558252427185,5,1096,3.5
1263,92,34,34,667,70.0,5,1977,3.75
2626,69,57,31,675,71.65558252427185,5,120,3.0
2626,69,57,49,658,71.65558252427185,5,2016,3.25
2630,69,57,35,1328,71.65558252427185,5,959,3.25
2630,69,57,30,1215,71.65558252427185,5,1885,3.25
841,93,9,10,352,72.0,1,674,3.0
845,93,9,10,352,71.65558252427185,1,632,2.75
1582,93,9,20,74,72.0,5,2077,3.5
1586,93,9,10,1251,71.65558252427185,1,706,3.25
1586,93,9,10,73,72.0,1,6,3.5
2154,94,57,2,441,75.0,1,1265,2.0
2394,95,5,4,479,71.65558252427185,1,1563,3.0
2402,95,5,4,48,71.65558252427185,1,1146,3.25
1101,96,57,3,181,70.0,5,1623,3.0
1101,96,57,13,335,73.0,1,1568,3.5
1105,96,57,35,1171,70.0,5,1551,2.5
1105,96,57,57,527,70.0,5,1573,3.25
1109,96,57,31,904,72.0,5,1571,3.25
1153,96,57,35,1316,70.0,5,1130,2.75
1153,96,57,57,528,72.0,5,1088,3.0
1347,96,57,8,1202,72.0,5,152,3.5
1407,96,57,13,460,70.0,5,1720,2.75
1570,96,57,22,1406,71.65558252427185,5,1457,3.5
1570,96,57,13,428,70.0,5,1055,3.75
1574,96,57,57,1018,72.0,5,1214,3.5
1724,96,57,1,843,71.65558252427185,5,108,4.0
1956,96,57,57,999,70.0,1,1244,3.25
2314,96,57,30,1385,70.0,5,1702,3.75
2354,96,57,37,1081,70.0,5,1709,3.5
2554,96,57,35,1343,70.0,5,287,4.0
2688,96,57,57,294,72.0,5,1102,4.0
2736,97,3,11,127,71.65558252427185,5,65,3.0
2740,97,3,28,55,74.0,5,1968,2.75
2740,97,3,53,516,71.65558252427185,5,803,2.5
1247,98,57,14,433,70.0,5,128,2.5
1247,98,57,35,1006,71.65558252427185,5,1082,2.75
1251,98,57,57,1348,70.0,5,1247,2.75
1251,98,57,3,178,70.0,5,424,3.0
404,99,17,14,466,72.0,19,1836,2.75
1426,100,6,55,1333,70.0,5,1586,2.75
2672,100,6,28,56,70.0,5,182,3.0
2676,100,6,1,829,71.65558252427185,5,2034,3.0
2676,100,6,35,806,72.0,5,494,3.25
2028,101,17,3,164,74.0,1,456,3.0
2238,101,17,57,1150,68.0,5,134,3.5
1900,102,57,1,840,70.0,5,1662,3.25
252,103,13,14,731,75.0,5,557,3.0
486,103,13,14,87,71.65558252427185,5,2049,2.75
1235,104,57,10,1405,70.0,5,820,3.5
2202,104,57,35,1324,72.0,5,1769,3.0
2422,104,57,14,349,72.0,5,1651,3.5
2668,104,57,13,409,69.0,5,501,3.25
672,105,17,2,171,70.0,19,251,3.5
1454,106,56,14,433,70.0,5,705,3.25
1407,107,18,1,830,71.65558252427185,1,86,3.0
1696,108,46,58,857,71.65558252427185,1,1489,2.75
1696,108,46,29,1263,70.0,1,906,3.5
2298,109,22,31,676,71.65558252427185,5,809,2.5
2298,109,22,13,1388,71.0,5,195,3.25
2442,111,56,28,970,74.0,1,1901,3.0
647,110,57,28,749,70.0,1,1110,3.75
647,110,57,57,1348,68.0,1,1109,3.75
1760,112,57,3,1373,70.0,1,838,2.5
1760,112,57,55,1333,70.0,1,1459,2.75
1764,112,57,13,402,75.0,1,1584,3.0
1764,112,57,14,433,71.65558252427185,1,1153,3.25
1259,113,57,35,1006,74.0,3,2011,2.75
1530,114,33,13,1294,71.65558252427185,5,576,3.25
1530,114,33,9,340,68.0,5,97,3.5
919,115,43,35,1006,68.0,5,1602,2.75
919,115,43,28,749,71.65558252427185,5,1969,3.25
1121,115,43,35,1006,70.0,1,934,3.75
1582,115,43,35,787,69.0,5,722,3.75
2700,115,43,57,283,70.0,5,1232,2.75
2134,116,57,13,1388,72.0,5,1761,3.25
2294,117,3,23,582,70.0,5,1225,3.0
1219,118,6,30,1381,70.0,14,672,2.5
2080,119,57,35,1322,70.0,1,1598,2.75
1832,120,6,30,268,71.65558252427185,5,780,3.25
2594,121,57,20,275,70.0,1,1063,3.25
2594,121,57,1,834,70.0,1,774,3.5
2598,121,57,13,425,73.0,1,885,3.25
117,122,47,14,177,71.0,12,585,2.5
117,122,47,19,537,71.65558252427185,12,1916,2.5
117,122,47,2,785,70.0,12,1932,3.0
209,122,47,57,937,71.0,12,1046,3.5
439,122,47,2,1261,75.0,12,1295,3.25
478,122,47,30,1381,71.0,12,604,3.25
478,122,47,28,1123,71.0,12,1754,3.5
1522,123,57,30,1246,75.0,1,837,2.5
377,124,6,30,1066,70.0,14,619,2.75
377,124,6,4,190,70.0,14,1301,3.0
377,124,6,57,937,70.0,14,1667,3.0
2514,125,57,57,287,75.0,1,1086,3.75
2514,125,57,28,139,67.0,1,180,4.0
2534,125,57,20,1352,70.0,1,1437,3.5
2534,125,57,1,831,71.65558252427185,1,759,3.75
2638,125,57,49,659,75.0,1,1460,3.5
2638,125,57,3,1378,75.0,1,913,3.75
2250,126,57,35,1326,71.65558252427185,1,1942,2.75
2226,127,57,35,1322,75.0,5,99,3.75
2306,127,57,13,952,71.65558252427185,5,1712,3.75
2310,127,57,10,544,71.65558252427185,5,252,3.25
2310,127,57,14,221,73.0,5,1414,3.5
2310,127,57,49,643,72.0,5,55,3.5
2310,127,57,4,477,70.0,5,328,4.0
2314,127,57,58,1356,71.65558252427185,5,1472,3.0
666,128,6,35,789,68.0,19,1281,3.75
227,129,42,2,1268,75.0,5,558,3.75
470,129,42,2,1268,71.65558252427185,1,1635,3.75
2630,130,57,13,952,70.0,5,1742,3.5
1486,131,57,14,216,73.0,1,338,3.5
2474,132,6,35,1322,70.0,5,27,3.5
2402,133,48,44,1230,70.0,14,1390,2.25
2606,134,57,35,804,71.65558252427185,5,1133,3.0
2606,134,57,8,1308,70.0,5,1919,3.25
292,135,0,3,891,72.0,19,531,3.25
292,135,0,57,937,71.65558252427185,19,1120,3.75
296,135,0,14,468,71.65558252427185,19,1659,2.75
579,135,0,57,1237,70.0,19,226,3.25
2684,136,57,35,1322,68.0,5,1806,3.25
2688,136,57,36,767,70.0,5,234,2.5
2688,136,57,25,594,70.0,5,1268,2.5
2688,136,57,49,639,75.0,5,237,3.5
196,137,18,28,1144,72.0,5,419,3.0
220,137,18,30,1071,71.65558252427185,5,1004,3.0
220,137,18,57,1072,72.0,5,1018,3.0
341,137,18,35,1055,71.65558252427185,5,309,3.0
451,137,18,57,284,70.0,5,1668,3.5
451,137,18,57,285,70.0,5,450,3.75
470,137,18,19,521,72.0,5,262,3.25
478,137,18,57,283,71.65558252427185,5,755,3.0
558,137,18,14,734,72.0,5,877,2.5
558,137,18,53,1297,72.0,5,565,3.0
558,137,18,26,595,72.0,5,1290,3.25
558,137,18,57,938,72.0,5,1282,3.25
813,137,18,18,500,71.65558252427185,5,1638,3.5
817,137,18,14,434,71.65558252427185,19,905,1.5
821,137,18,2,1321,71.65558252427185,5,373,3.75
959,137,18,28,749,70.0,5,1619,3.5
1984,137,18,18,499,75.0,5,1305,3.75
48,138,3,2,1196,70.0,19,1990,1.0
971,139,1,49,1258,75.0,5,1749,3.25
975,139,1,16,894,67.0,5,12,3.25
975,139,1,34,399,75.0,5,1611,3.5
1283,139,1,34,897,70.0,5,1999,2.5
1335,139,1,56,1347,71.65558252427185,5,34,2.75
1736,140,57,14,1404,71.65558252427185,5,324,3.75
2466,141,57,13,1401,70.0,1,459,3.25
2466,141,57,8,88,70.0,1,1202,3.25
2466,141,57,22,1363,71.65558252427185,1,42,3.5
2502,141,57,14,226,71.65558252427185,1,93,3.25
2656,141,57,23,67,70.0,1,1817,3.75
2720,70,57,20,454,72.0,1,1837,3.5
2724,70,57,31,680,72.0,1,1091,3.5
2724,70,57,22,689,71.65558252427185,1,718,3.0
2522,142,57,21,1022,70.0,5,1429,3.5
2522,142,57,1,833,75.0,5,1386,3.5
2526,142,57,20,701,70.0,5,1600,3.25
2526,142,57,30,1247,70.0,5,1378,3.5
2622,143,32,30,325,71.65558252427185,1,463,3.75
785,146,1,0,382,70.0,16,2018,3.25
1654,146,1,0,512,70.0,5,1528,2.75
1928,147,57,13,412,72.0,1,875,2.75
1610,148,56,53,1113,70.0,5,731,3.0
1610,148,56,14,731,70.0,5,696,3.5
1666,148,56,19,363,71.65558252427185,5,1269,2.25
1666,148,56,31,922,70.0,5,1294,2.75
2574,149,57,37,1083,71.65558252427185,12,879,2.5
2574,149,57,23,61,72.0,12,739,3.0
2574,149,57,35,1332,72.0,12,1385,3.5
805,150,57,10,1336,70.0,1,520,3.0
805,150,57,8,320,70.0,1,805,3.25
915,150,57,13,463,70.0,1,1776,3.75
1026,150,57,57,372,70.0,1,11,2.75
1026,150,57,57,998,70.0,1,1027,3.25
1085,150,57,57,779,71.65558252427185,1,1484,3.5
1153,150,57,34,992,70.0,1,1098,3.5
1219,150,57,1,829,71.65558252427185,1,887,3.5
1295,150,57,14,215,70.0,1,868,3.5
1303,150,57,27,196,70.0,1,1491,2.75
1387,150,57,13,1152,70.0,1,181,3.75
1446,150,57,1,851,71.65558252427185,1,990,3.0
1816,150,57,13,1396,70.0,1,181,3.75
2024,150,57,10,543,70.0,1,246,3.0
2178,150,57,41,510,70.0,1,2040,3.0
2178,150,57,22,1360,71.65558252427185,1,1235,3.25
2178,150,57,23,62,70.0,1,1442,3.5
2386,150,57,58,153,70.0,1,817,3.5
2546,150,57,49,642,70.0,1,439,3.5
2546,150,57,4,1341,70.0,1,487,4.0
2550,150,57,35,1032,70.0,1,784,3.25
2550,150,57,13,1390,70.0,1,614,3.5
2602,150,57,20,208,70.0,1,1374,2.75
2602,150,57,23,63,70.0,1,1373,2.75
2602,150,57,23,65,71.65558252427185,1,1318,3.25
654,152,57,13,402,71.65558252427185,1,804,3.25
654,152,57,28,749,70.0,1,116,3.25
654,152,57,49,1256,70.0,1,225,3.25
2550,151,57,13,1391,70.0,1,1029,3.0
423,153,20,20,714,71.65558252427185,14,457,3.0
661,153,20,20,742,71.65558252427185,14,1286,3.5
987,153,20,57,283,75.0,14,865,3.0
987,153,20,20,742,70.0,1,1758,3.75
987,153,20,28,1123,70.0,1,1311,3.75
987,153,20,20,714,70.0,1,1909,4.0
991,153,20,20,969,70.0,1,1189,3.25
1920,144,57,57,1350,72.0,1,1178,2.75
1920,144,57,58,1354,72.0,1,1376,3.0
1920,144,57,2,381,71.65558252427185,1,714,3.25
2342,154,3,35,1030,72.0,12,1165,3.0
2342,154,3,58,855,70.0,12,1164,3.25
1550,155,57,28,749,70.0,5,1951,3.0
1550,155,57,57,937,70.0,5,1483,3.25
1554,155,57,49,1256,70.0,5,1003,3.0
1554,155,57,14,433,70.0,5,95,3.25
1708,155,57,3,178,75.0,5,1075,3.25
1093,156,57,18,499,71.65558252427185,12,2027,2.5
1093,156,57,13,1093,70.0,12,173,2.75
1093,156,57,57,1348,70.0,12,648,2.75
1462,157,5,4,896,72.0,5,1988,3.5
1832,158,45,55,193,70.0,5,910,2.5
1832,158,45,28,1134,70.0,5,908,3.0
175,159,57,14,433,71.0,14,200,3.0
180,159,57,35,1006,71.65558252427185,14,1090,3.0
2222,160,12,13,459,70.0,1,1067,2.5
2222,160,12,13,426,70.0,1,484,2.5
2222,160,12,13,426,71.65558252427185,1,1070,3.0
1916,161,6,49,637,72.0,1,2021,2.5
2422,161,6,20,880,72.0,1,1694,3.0
682,162,57,57,778,75.0,1,1856,2.75
769,162,57,13,691,74.0,1,605,3.0
769,162,57,14,433,70.0,1,813,3.25
895,162,57,3,178,75.0,1,549,2.75
1034,162,57,14,439,70.0,1,1276,3.25
1235,162,57,13,459,71.65558252427185,1,1080,3.5
1634,162,57,3,46,70.0,1,1848,3.75
1952,162,57,20,712,70.0,1,81,3.75
1972,162,57,4,480,75.0,1,1849,3.75
2016,162,57,42,1216,72.0,1,2064,4.0
2270,162,57,1,847,72.0,1,408,4.0
2434,162,57,28,18,72.0,1,1821,3.75
2466,162,57,2,912,73.0,1,125,3.5
2554,162,57,26,104,75.0,1,1650,3.75
2656,162,57,30,1214,71.65558252427185,1,507,4.0
2732,163,3,28,749,71.65558252427185,5,1648,3.0
2740,163,3,58,1354,71.65558252427185,5,1928,2.75
2402,164,42,39,1182,70.0,12,241,2.75
2406,164,42,39,1180,75.0,12,1014,2.5
2406,164,42,39,1181,75.0,12,85,3.0
1371,165,56,33,983,72.0,5,1074,3.25
1371,165,56,57,1077,71.65558252427185,5,650,3.25
1407,165,56,31,607,72.0,5,1199,3.5
311,166,57,54,931,70.0,19,376,3.75
63,167,3,2,909,71.65558252427185,6,7,1.5
87,168,27,57,1238,71.65558252427185,1,1047,3.0
87,168,27,35,77,70.0,1,721,3.25
87,168,27,57,237,71.65558252427185,1,299,3.5
111,168,27,57,1054,70.0,1,323,4.0
129,168,27,57,939,75.0,1,1851,3.25
135,168,27,28,749,70.0,1,754,3.5
192,168,27,28,748,70.0,1,1700,3.5
192,168,27,24,605,71.65558252427185,1,402,3.75
192,168,27,14,433,70.0,1,369,4.0
192,168,27,57,940,70.0,1,367,4.0
227,168,27,57,254,70.0,1,430,3.0
272,168,27,8,1270,70.0,1,421,3.0
272,168,27,2,171,71.65558252427185,1,1830,3.5
272,168,27,2,586,70.0,1,1843,3.75
470,168,27,57,292,70.0,1,1897,3.0
693,168,27,57,230,71.65558252427185,1,1708,3.5
863,168,27,49,886,70.0,1,1840,3.5
863,168,27,57,530,70.0,1,320,3.75
1109,168,27,57,578,71.65558252427185,19,1705,3.0
1672,168,27,14,547,70.0,1,737,3.75
1672,168,27,57,941,71.65558252427185,1,1253,3.75
2040,168,27,49,1256,70.0,1,409,4.0
2748,168,27,4,186,70.0,1,807,3.5
1672,169,56,57,1101,70.0,5,129,2.5
1880,169,56,19,910,71.65558252427185,3,1026,2.75
2052,169,56,36,613,71.5,3,1122,2.75
2052,169,56,20,1353,71.65558252427185,3,1173,3.5
2390,170,57,13,952,71.65558252427185,1,535,2.5
2390,170,57,49,639,70.0,1,563,2.75
2390,170,57,13,565,75.0,1,530,3.0
2752,171,57,13,1400,70.0,1,1992,3.25
2752,171,57,31,925,75.0,1,578,2.75
2752,171,57,21,1020,70.0,1,1403,3.25
516,172,56,33,982,70.0,5,146,3.5
516,172,56,14,346,72.0,5,1415,3.75
523,172,56,14,1231,71.65558252427185,5,164,2.5
523,172,56,35,1232,70.0,5,454,3.75
623,172,56,22,590,72.0,5,509,3.75
697,172,56,33,175,71.65558252427185,5,1024,3.0
697,172,56,31,901,71.0,5,943,3.25
765,172,56,57,937,71.0,5,926,3.5
923,172,56,57,937,71.65558252427185,5,370,3.75
1331,172,56,31,309,71.65558252427185,12,1553,3.5
1662,172,56,20,1107,70.0,12,1001,4.0
1964,172,56,32,474,70.0,12,142,2.75
2366,172,56,36,1227,70.0,12,235,3.5
2648,172,56,31,610,70.0,12,746,3.5
1506,173,57,13,410,70.0,1,207,3.25
1626,174,57,35,801,71.65558252427185,5,1577,3.5
1626,174,57,57,1105,71.65558252427185,5,658,3.5
1630,174,57,13,1249,70.0,5,458,3.25
1630,174,57,57,244,70.0,5,177,3.25
1630,174,57,14,347,70.0,5,78,4.0
2040,174,57,35,1031,70.0,5,1719,4.0
2744,145,57,13,1388,70.0,5,5,3.0
1343,176,6,35,1014,70.0,5,2062,3.25
1343,176,6,28,759,70.0,5,2000,3.5
1343,176,6,13,414,70.0,5,1770,3.75
1812,177,6,8,1303,70.0,5,519,3.25
1812,177,6,8,83,71.65558252427185,5,1108,3.25
919,178,57,35,800,72.0,5,137,2.75
1876,179,18,57,1054,68.0,1,543,3.0
2534,180,57,28,24,71.65558252427185,1,1145,3.0
2534,180,57,8,1303,70.0,1,247,3.0
252,181,4,3,31,71.0,12,1020,2.75
709,181,4,3,34,75.0,12,1241,3.75
32,182,59,57,239,70.0,16,831,2.75
206,182,59,57,238,74.0,16,1522,2.5
206,182,59,57,240,71.65558252427185,16,1163,3.0
439,182,59,57,1102,71.65558252427185,16,2048,2.75
439,182,59,57,1103,70.0,16,1629,3.0
1662,182,59,57,1155,71.65558252427185,16,1767,3.75
2382,183,57,20,1053,71.65558252427185,5,232,3.5
2724,183,57,49,646,70.0,5,888,3.5
2724,183,57,28,717,70.0,5,1473,3.25
2728,183,57,1,850,70.0,5,517,3.5
2728,183,57,14,1079,70.0,5,630,3.0
2728,183,57,13,1399,71.65558252427185,5,495,3.0
2728,183,57,55,1195,70.0,5,1641,3.75
1137,184,48,44,464,70.0,1,1621,3.25
2108,185,17,21,1021,71.65558252427185,1,1642,3.5
2108,185,17,20,91,70.0,1,1798,3.5
2114,185,17,13,952,70.0,1,583,3.25
2118,185,17,28,135,70.0,1,763,3.5
1916,175,57,22,1362,75.0,1,160,3.25
2198,175,57,58,161,71.65558252427185,1,925,3.0
2350,175,57,41,509,70.0,5,483,2.5
2350,175,57,53,765,71.65558252427185,5,1159,3.5
1205,186,17,58,152,71.65558252427185,5,1778,3.25
1209,186,17,58,98,74.0,5,826,3.25
252,187,57,57,937,72.0,14,2066,3.0
431,187,57,2,245,71.65558252427185,14,1959,2.75
903,187,57,57,1100,70.0,14,1219,2.75
2570,187,57,8,86,70.0,1,1087,3.5
666,188,57,57,1054,70.0,14,1891,2.5
1275,189,57,13,402,71.65558252427185,5,209,3.75
2664,189,57,55,1333,70.0,5,1524,3.0
2450,190,57,35,798,71.65558252427185,5,496,3.0
565,192,57,4,877,75.0,1,1346,2.75
48,193,52,57,782,71.65558252427185,16,339,3.0
48,193,52,14,87,72.0,16,652,3.5
56,193,52,3,35,68.0,16,285,4.0
105,193,52,13,460,71.65558252427185,16,392,3.0
494,193,52,19,521,71.65558252427185,16,1756,3.5
1283,194,57,37,1081,71.65558252427185,5,979,2.25
1283,194,57,13,402,71.65558252427185,5,1608,3.25
2474,195,6,22,573,70.0,5,1267,2.75
2478,195,6,30,861,71.65558252427185,5,35,3.0
2482,195,6,8,271,70.0,5,1229,2.75
2486,195,6,2,1323,70.0,5,742,3.25
2394,196,56,34,623,72.0,12,147,3.5
2398,196,56,36,866,73.0,12,354,3.25
2398,196,56,42,524,71.65558252427185,12,1352,3.5
2398,196,56,56,769,72.0,12,176,3.75
2150,197,57,13,957,75.0,1,1487,3.5
2154,197,57,1,848,75.0,1,873,2.75
2154,197,57,20,881,75.0,1,874,2.75
2154,197,57,8,1309,75.0,1,898,3.0
2202,191,36,28,135,70.0,5,1149,3.0
2206,191,36,23,508,68.0,5,1169,3.5
2206,191,36,49,639,71.65558252427185,5,748,3.5
1267,198,56,35,1108,72.0,3,260,2.75
1776,199,40,13,402,71.65558252427185,18,1886,2.75
1772,200,44,28,19,70.0,1,864,2.75
1776,200,44,14,214,71.65558252427185,1,1828,3.5
1776,200,44,49,641,67.0,1,870,3.75
2072,200,44,3,31,70.0,1,1186,3.0
2072,200,44,24,978,70.0,1,1579,3.0
2072,200,44,36,396,70.0,1,1540,3.25
2072,200,44,21,1020,68.0,1,1474,3.5
2076,200,44,13,952,72.0,1,263,2.75
2430,200,44,30,488,70.0,1,1822,3.0
2430,200,44,28,971,71.65558252427185,1,1445,3.5
2712,200,44,24,195,72.0,1,499,3.5
2712,200,44,29,1188,72.0,1,437,3.5
2318,201,34,34,669,70.0,1,1272,3.0
2318,201,34,49,635,70.0,1,1195,3.25
2322,201,34,3,33,70.0,1,920,3.0
2322,201,34,56,815,70.0,1,747,3.0
2322,201,34,8,1304,70.0,1,485,3.0
2322,201,34,14,220,70.0,1,722,3.75
2326,201,34,35,1325,70.0,1,686,3.75
911,202,59,57,228,71.65558252427185,5,1208,3.75
1355,202,59,57,282,70.0,5,1007,3.5
1355,202,59,57,951,70.0,5,149,3.75
2100,202,59,57,1242,70.0,5,1011,3.0
2100,202,59,57,246,70.0,5,511,3.25
2118,202,59,57,379,72.0,1,1187,3.5
2122,202,59,57,297,71.65558252427185,1,1652,3.0
1351,203,3,28,749,71.65558252427185,12,33,3.5
1538,203,3,10,352,71.65558252427185,12,681,3.5
1538,203,3,35,1007,75.0,12,2043,3.5
781,204,57,35,789,71.65558252427185,1,217,3.5
785,204,57,13,691,71.65558252427185,1,192,3.5
883,204,57,35,1311,70.0,1,745,2.5
1295,204,57,31,817,71.65558252427185,1,1954,3.25
1634,204,57,20,535,71.65558252427185,1,1470,3.5
1940,204,57,35,911,70.0,1,1656,3.5
2430,204,57,23,71,71.0,5,1987,3.25
370,205,57,26,598,71.65558252427185,5,397,3.0
370,205,57,26,597,70.0,5,394,3.25
636,205,57,18,502,71.65558252427185,5,1071,2.75
642,205,57,26,599,70.0,5,796,3.25
642,205,57,13,329,72.0,5,1393,3.5
642,205,57,26,600,70.0,5,2070,3.5
682,205,57,28,1127,74.0,5,2076,2.75
682,205,57,13,330,72.0,5,1770,3.25
688,205,57,28,1128,71.65558252427185,5,1534,3.0
745,205,57,57,288,70.0,5,1981,4.0
899,205,57,34,810,71.65558252427185,1,1095,3.5
899,205,57,34,812,71.65558252427185,1,1675,3.5
915,205,57,28,1129,74.0,5,153,4.0
927,205,57,34,811,71.65558252427185,1,1980,4.0
931,205,57,34,813,69.0,1,1592,3.0
1030,205,57,13,331,72.0,5,1114,3.25
1081,205,57,13,332,72.0,5,77,3.75
1117,205,57,35,1169,70.0,5,219,3.75
1149,205,57,35,150,70.0,5,194,4.0
1383,205,57,35,791,70.0,5,1037,3.0
1383,205,57,35,790,70.0,5,1323,3.5
1383,205,57,35,792,70.0,5,758,3.5
1387,205,57,35,793,70.0,5,1664,3.5
2024,205,57,20,1051,70.0,5,1419,3.5
2024,205,57,20,1052,70.0,5,1048,3.75
2028,205,57,20,1050,70.0,5,1420,3.5
2174,205,57,57,293,72.0,5,1477,3.25
2174,205,57,57,253,72.0,5,284,3.5
2642,205,57,18,4,68.0,5,257,3.25
2642,205,57,18,5,68.0,5,771,3.5
2644,205,57,31,924,70.0,5,1275,3.5
2644,205,57,31,923,71.65558252427185,5,1405,3.75
2644,205,57,57,286,68.0,5,1500,4.0
2704,205,57,28,1125,70.0,5,1389,3.5
2708,205,57,35,709,74.0,5,1021,3.0
2708,205,57,35,710,74.0,5,1755,3.25
2000,206,57,4,478,70.0,1,341,3.5
2000,206,57,49,648,70.0,1,398,3.75
1375,207,57,1,144,71.65558252427185,1,1743,3.5
1375,207,57,28,749,70.0,1,1872,3.5
1375,207,57,35,1006,70.0,1,43,4.0
1912,208,11,31,1116,70.0,1,2039,3.5
1956,208,11,31,129,70.0,5,300,3.75
2122,208,11,31,925,68.0,5,2004,3.5
2122,208,11,31,607,70.0,5,1870,3.75
2126,208,11,31,677,70.0,5,2071,3.25
2126,208,11,31,852,70.0,5,245,3.75
2126,208,11,20,589,70.0,5,919,4.0
2130,208,11,31,306,70.0,5,733,3.0
2130,208,11,31,307,71.65558252427185,5,469,3.5
2130,208,11,31,899,70.0,5,75,3.75
2130,208,11,31,1116,70.0,5,44,4.0
2134,208,11,31,1115,71.65558252427185,5,899,3.25
2720,208,11,31,418,70.0,5,244,3.5
623,209,11,31,608,70.0,5,640,3.25
623,209,11,31,309,70.0,5,1995,3.5
623,209,11,31,901,71.65558252427185,5,1468,3.5
895,209,11,31,311,71.65558252427185,5,932,3.25
899,209,11,22,1096,70.0,5,1774,3.25
899,209,11,31,310,70.0,5,1288,3.25
923,209,11,31,1117,70.0,5,1296,3.75
1034,209,11,31,130,71.65558252427185,5,1277,3.25
1034,209,11,31,853,70.0,5,25,3.5
1259,209,11,31,676,70.0,5,1079,3.5
781,210,57,10,352,70.0,5,669,3.0
863,210,57,35,1006,70.0,5,1310,2.5
1046,210,57,13,691,71.65558252427185,5,510,3.75
1185,210,57,14,210,75.0,5,1630,3.0
1347,210,57,53,513,70.0,5,474,3.75
1780,210,57,3,1374,74.0,1,1312,3.75
1780,210,57,10,359,74.0,1,1285,4.0
2278,210,57,28,1140,71.65558252427185,1,31,3.75
2554,210,57,13,569,68.0,14,504,3.75
2664,210,57,35,1326,72.0,5,70,3.75
2174,211,53,48,1250,70.0,5,174,2.5
2190,211,53,28,749,70.0,1,778,3.0
2202,211,53,49,1256,70.0,1,4,3.0
2202,211,53,57,283,70.0,5,503,3.5
1642,212,18,18,3,70.0,12,218,4.0
1646,212,18,13,328,71.65558252427185,12,1853,3.5
1646,212,18,13,328,71.65558252427185,12,464,3.5
1646,212,18,28,17,75.0,12,1399,3.5
2012,212,18,57,1058,75.0,5,624,3.5
2096,212,18,20,205,72.0,5,542,2.75
2282,212,18,57,283,71.65558252427185,5,598,2.75
1848,213,57,1,1282,70.0,1,1101,3.5
1924,214,57,20,93,71.65558252427185,5,1904,3.25
1924,214,57,31,448,71.65558252427185,5,1092,3.25
2032,214,57,35,1327,70.0,5,337,3.25
2446,214,57,8,184,71.65558252427185,5,9,2.5
2446,214,57,10,358,71.65558252427185,5,726,3.0
2602,214,57,14,351,70.0,5,36,3.75
2194,215,57,1,840,70.0,1,750,2.75
2642,215,57,23,581,70.0,1,1925,3.0
2642,215,57,3,42,71.65558252427185,1,1753,3.25
2644,215,57,13,952,70.0,1,1605,3.25
741,216,60,58,154,72.0,16,671,3.0
2692,217,57,28,1143,72.0,5,757,3.5
2692,217,57,49,649,70.0,5,1251,3.5
2692,217,57,13,427,75.0,5,515,3.5
2696,217,57,58,384,73.0,5,1493,3.5
15,218,56,2,391,70.0,16,1115,2.5
1896,219,28,28,749,70.0,1,1433,3.5
2382,219,28,35,895,73.0,1,1725,2.5
2696,220,56,23,583,70.0,5,1803,3.0
241,221,19,19,521,71.0,16,2046,2.5
2060,222,27,28,749,70.0,12,574,2.75
87,223,57,28,1141,71.65558252427185,16,413,3.5
147,223,57,2,1088,72.0,16,427,3.5
387,223,57,2,326,70.0,16,276,3.5
654,223,57,2,361,72.0,16,571,2.75
654,223,57,2,719,71.65558252427185,16,1922,3.25
654,223,57,2,963,72.0,16,566,3.25
1602,223,57,2,465,70.0,16,1194,3.75
1197,224,6,34,990,71.65558252427185,5,1682,2.75
1197,224,6,2,227,74.0,5,2,2.75
1197,224,6,13,402,75.0,5,163,3.25
1197,224,6,2,1298,70.0,5,1561,3.5
1201,224,6,2,11,71.65558252427185,5,645,3.0
1327,225,13,14,419,70.0,12,186,3.0
701,226,1,2,1226,71.65558252427185,19,2022,3.0
1696,227,57,4,187,67.0,5,1604,3.0
1700,227,57,4,1342,74.0,5,1406,3.5
2040,227,57,4,723,75.0,5,690,3.0
2270,228,56,58,159,70.0,5,1527,3.25
2330,228,56,23,631,70.0,5,1602,3.0
2752,229,57,18,499,68.0,1,465,3.25
2756,229,57,20,535,68.0,1,744,3.5
2756,229,57,14,433,68.0,1,1775,3.25
2378,230,57,49,639,72.0,5,231,3.25
2378,230,57,13,952,70.0,5,579,3.5
2606,231,32,30,1212,70.0,1,470,3.5
1876,232,18,35,1006,71.65558252427185,6,1361,2.75
2302,233,33,24,1084,71.65558252427185,12,1506,2.5
2302,233,33,57,1060,71.0,12,1254,3.0
2306,233,33,2,430,71.0,12,1545,2.5
1748,234,57,1,846,70.0,5,1365,3.25
1748,235,57,10,356,74.0,5,1158,3.5
1239,236,57,3,39,67.0,5,773,3.5
1243,236,57,3,1367,71.65558252427185,5,2068,3.0
1243,236,57,14,736,67.0,5,1197,3.75
1243,236,57,54,929,67.0,5,1779,3.75
1744,237,57,54,930,72.0,5,21,3.5
1744,238,57,14,737,70.0,5,693,3.5
1744,239,57,3,40,71.65558252427185,5,364,3.75
1744,239,57,3,1368,71.65558252427185,5,446,4.0
1462,541,57,57,1348,74.0,5,1608,3.5
2614,240,57,14,469,71.65558252427185,1,881,2.75
2614,240,57,31,819,71.65558252427185,1,468,3.25
1546,542,57,49,1256,71.65558252427185,2,981,2.75
1546,542,57,28,749,71.65558252427185,2,1622,3.0
1546,542,57,57,1348,71.65558252427185,2,982,3.0
1550,542,57,14,433,71.65558252427185,2,723,3.25
1550,542,57,35,1006,70.0,2,1331,3.25
2146,542,57,14,225,73.0,2,878,2.5
2146,542,57,13,959,71.0,2,767,3.5
2150,542,57,35,802,70.0,2,1040,2.25
2150,542,57,28,1133,74.0,2,1733,2.75
2150,542,57,49,655,70.0,2,1017,3.0
1712,241,34,28,20,70.0,5,1734,2.75
1712,241,34,57,237,72.0,5,1236,2.75
1712,241,34,13,327,75.0,5,946,3.25
2426,241,34,57,1059,68.0,5,897,3.25
414,242,13,14,87,72.0,1,540,3.0
431,243,26,25,592,70.0,1,562,2.5
431,243,26,13,565,71.65558252427185,1,1581,2.75
431,243,26,35,1165,70.0,1,267,3.5
431,243,26,13,566,75.0,1,1391,3.75
1466,243,26,14,214,71.65558252427185,12,725,3.5
1466,243,26,28,1123,71.65558252427185,12,1412,3.5
1466,243,26,53,513,70.0,12,380,3.5
1466,243,26,57,780,70.0,12,1166,3.5
1872,243,26,35,787,70.0,12,1736,2.75
1327,244,45,14,445,71.65558252427185,2,1998,2.5
1030,245,56,44,808,70.0,1,156,4.0
1654,245,56,44,1002,70.0,1,1672,2.75
2134,245,56,8,1199,75.0,12,569,2.75
2386,245,56,22,344,72.0,12,1731,3.0
245,246,56,44,1230,72.0,5,814,3.0
296,246,56,49,1256,75.0,12,1607,2.75
300,246,56,39,1320,72.0,12,775,3.0
552,246,56,14,433,70.0,19,1795,2.75
552,246,56,13,1175,71.65558252427185,19,610,3.0
600,246,56,57,283,70.0,12,19,2.75
1038,246,56,53,1297,75.0,12,1625,3.0
1038,246,56,58,856,71.65558252427185,12,1973,3.5
1065,246,56,28,1222,72.0,12,1231,3.0
1109,246,56,35,259,71.65558252427185,19,1752,2.75
1097,247,6,57,943,70.0,5,634,3.25
1097,247,6,57,52,70.0,5,1206,3.75
1307,247,6,3,182,71.65558252427185,5,955,3.0
1311,247,6,3,179,71.65558252427185,5,2069,3.0
1311,247,6,31,873,70.0,5,588,3.0
1311,247,6,13,572,71.65558252427185,5,1382,3.75
1387,247,6,13,1395,70.0,5,1782,3.5
1542,247,6,58,705,70.0,5,1783,3.5
725,248,52,57,341,72.0,5,315,3.75
725,248,52,57,1239,72.0,5,391,3.75
729,248,52,57,281,72.0,5,405,3.25
733,248,52,57,945,72.0,5,373,3.75
733,248,52,57,1073,74.0,5,374,4.0
737,248,52,57,946,71.65558252427185,5,378,3.5
737,248,52,57,241,71.65558252427185,5,376,4.0
737,248,52,57,342,72.0,5,1342,4.0
737,248,52,57,1240,72.0,5,375,4.0
1085,248,52,57,289,71.65558252427185,5,651,3.75
2008,249,57,58,705,71.65558252427185,5,1147,3.25
943,543,43,35,1185,72.0,8,2045,2.75
943,543,43,35,1403,72.0,8,1529,3.0
1275,250,57,28,757,72.0,1,1006,3.5
1279,250,57,35,1012,72.0,1,1262,2.25
1279,250,57,1,148,71.65558252427185,1,1089,3.25
1279,250,57,13,411,72.0,1,1482,3.25
2250,251,49,45,1005,71.65558252427185,12,2073,2.75
1542,252,57,1,836,70.0,1,956,3.5
1546,252,57,13,461,70.0,1,978,2.75
5,253,57,18,1295,71.65558252427185,16,858,2.0
2146,254,57,57,1349,72.0,5,1598,3.25
1972,255,57,57,944,72.0,5,440,3.5
1976,255,57,26,889,67.0,12,143,3.0
1976,255,57,35,1170,75.0,12,735,3.0
1980,255,57,14,211,71.65558252427185,12,701,3.5
2008,255,57,28,1131,68.0,16,2030,3.5
2104,255,57,8,1307,73.0,12,269,3.25
2458,256,10,57,283,75.0,5,880,2.75
2214,258,54,50,260,70.0,5,1204,3.5
2218,258,54,50,302,70.0,5,710,3.0
2218,258,54,50,265,71.65558252427185,5,895,3.5
2218,258,54,50,1074,70.0,5,110,3.75
1061,259,12,13,1111,70.0,16,1380,3.5
2498,259,57,13,1278,68.0,12,1411,3.75
2498,259,57,13,684,70.0,5,1038,3.75
2502,259,57,13,1366,67.0,12,37,3.75
2716,259,57,13,455,71.65558252427185,5,502,3.25
2390,260,12,13,816,71.5,5,297,3.5
2394,260,12,13,447,70.0,5,1599,3.0
2422,260,12,13,401,68.0,12,340,3.75
2454,260,57,13,458,71.65558252427185,12,301,3.0
2764,260,57,13,1279,72.0,12,738,3.5
2764,260,57,13,1280,72.0,12,227,4.0
2764,260,57,13,728,71.65558252427185,12,921,3.5
2334,261,47,49,887,75.0,5,46,3.25
2338,261,47,31,1160,75.0,5,1802,3.0
2338,261,47,35,301,75.0,5,1167,3.0
241,262,13,14,1209,70.0,14,363,3.0
241,262,13,14,1210,70.0,14,977,3.5
245,262,13,14,1112,75.0,14,1958,2.75
263,262,13,14,201,75.0,14,801,2.5
404,263,17,2,909,70.0,19,1069,2.75
2708,264,6,36,397,70.0,5,1025,3.25
2708,264,6,34,624,70.0,5,1350,3.5
1133,265,57,13,694,70.0,5,625,3.75
431,266,32,30,391,72.0,16,1955,2.0
2478,267,6,8,1306,70.0,5,1353,3.25
1968,268,33,1,144,71.65558252427185,1,846,3.0
1968,268,33,58,1354,70.0,1,1839,3.0
2016,268,33,30,1381,70.0,1,1056,3.25
2044,268,33,30,1386,70.0,1,975,3.75
2064,268,33,28,827,70.0,1,1479,3.0
2068,268,33,36,612,70.0,1,1182,3.25
2282,268,33,34,497,70.0,1,22,3.25
2286,268,33,8,538,70.0,1,1031,3.0
1422,269,57,35,1165,72.0,1,984,2.5
1422,269,57,57,937,72.0,5,1238,2.75
1422,269,57,1,144,72.0,5,1250,3.0
1422,269,57,28,1126,71.65558252427185,5,1866,3.25
1426,269,57,13,459,72.0,5,1785,3.25
1426,269,57,13,1091,72.0,5,582,3.25
1840,257,57,21,617,70.0,12,1804,3.25
1852,257,57,35,799,70.0,12,24,2.75
1852,257,57,4,114,70.0,12,361,3.75
1852,257,57,14,735,71.65558252427185,12,1326,3.75
1359,270,57,55,1333,72.5,17,2024,2.5
1359,270,57,13,565,72.5,17,2020,3.0
1363,270,57,14,433,72.5,17,952,2.5
1363,270,57,28,749,72.5,17,1107,3.0
451,272,57,3,183,68.0,16,1440,3.0
576,272,57,19,521,75.0,16,317,3.25
576,272,57,13,402,74.0,16,1644,3.75
597,272,57,57,1351,71.0,16,240,3.0
682,272,57,14,1090,74.0,16,1793,3.75
891,272,57,35,1006,74.0,16,730,3.25
891,272,57,4,186,70.0,16,423,4.0
927,272,57,57,283,68.0,16,60,3.75
2426,273,57,16,485,68.0,5,2012,3.0
1892,274,28,35,743,70.0,19,1129,2.25
1892,274,28,35,744,71.65558252427185,19,1066,2.5
1892,274,28,1,146,70.0,19,1211,3.0
1892,274,28,35,1312,70.0,19,825,3.0
2138,275,57,13,952,71.65558252427185,1,16,3.0
2138,275,57,35,787,71.65558252427185,1,591,3.0
2138,275,57,1,847,70.0,12,1138,3.25
2138,275,57,20,700,70.0,1,1979,3.25
2254,276,17,1,841,70.0,1,743,3.5
2254,276,17,20,92,70.0,1,547,3.5
2358,276,17,35,1033,72.0,1,1554,3.5
230,277,17,2,367,71.65558252427185,12,1465,3.5
346,277,17,18,25,68.0,12,1408,3.25
346,277,17,57,1062,69.0,12,1221,3.5
741,277,17,19,521,71.65558252427185,12,1441,3.5
1121,277,17,2,368,74.0,12,111,2.75
721,278,37,35,1016,72.0,19,1336,2.5
2182,279,32,30,27,71.65558252427185,1,1417,3.5
2186,279,32,30,1382,70.0,1,1085,3.0
2186,279,32,30,1339,70.0,1,204,3.5
1434,280,17,11,369,70.0,12,656,2.75
1438,280,17,2,1301,68.0,12,1257,2.75
1590,280,17,28,754,75.0,12,1490,2.75
1590,280,17,58,1355,75.0,12,843,2.75
1590,280,17,11,370,71.65558252427185,12,1655,3.0
1590,280,17,35,1009,75.0,12,1546,3.25
1594,280,17,25,593,75.0,12,1481,3.0
1638,280,17,39,1179,75.0,12,1438,3.5
1642,280,17,4,112,75.0,12,1693,3.25
1642,280,17,58,707,75.0,12,362,3.75
927,281,5,4,255,70.0,19,702,3.5
327,282,57,49,1256,75.0,19,556,2.5
833,271,57,57,237,75.0,16,166,3.0
833,271,57,57,1100,75.0,16,165,3.0
853,271,57,2,1010,71.65558252427185,16,647,3.0
1784,271,57,31,1115,71.65558252427185,1,1777,3.5
2048,283,56,31,916,71.0,5,1640,3.0
2048,283,56,22,1172,71.65558252427185,5,1582,3.25
2048,283,56,31,900,73.0,5,273,3.5
1972,284,57,3,1289,74.0,5,2063,3.75
2262,285,3,10,1336,70.0,5,48,3.25
2266,285,3,8,299,70.0,5,1576,2.75
2266,285,3,35,1030,70.0,5,1565,3.5
1371,286,57,35,807,70.0,1,1002,3.5
1562,286,57,3,165,70.0,1,514,3.25
1562,286,57,53,1163,70.0,1,248,3.5
1566,286,57,10,1148,70.0,1,1458,3.0
1566,286,57,13,693,70.0,1,1395,3.25
1566,286,57,49,639,70.0,1,1900,3.5
1728,286,57,27,721,70.0,1,698,3.25
1952,286,57,1,842,71.65558252427185,1,1689,3.25
1952,286,57,22,687,70.0,1,1877,3.5
1984,286,57,35,1322,70.0,5,1111,4.0
2122,286,57,18,90,70.0,5,110,3.75
2338,286,57,26,103,70.0,5,2074,3.25
2442,286,57,3,1292,70.0,5,1808,3.25
2562,286,57,40,1186,70.0,5,140,3.5
2562,286,57,54,826,70.0,5,915,3.75
1231,287,16,28,1123,71.0,5,1533,3.5
1856,288,16,28,749,70.0,1,1903,3.0
855,289,57,35,1003,71.65558252427185,1,410,3.5
903,289,57,3,180,71.65558252427185,1,646,3.5
903,289,57,35,695,71.65558252427185,1,1426,3.75
947,289,57,2,1086,75.0,1,828,2.75
947,289,57,13,1271,74.0,1,654,3.0
947,289,57,3,1377,68.0,1,633,3.5
2538,290,57,41,511,72.0,1,810,2.5
2538,290,57,23,69,72.0,1,51,3.0
2538,290,57,58,1276,72.0,1,1799,3.0
1093,291,57,54,933,71.65558252427185,14,14,3.0
1097,291,57,54,932,72.0,14,1892,3.0
1097,291,57,54,560,70.0,14,1549,3.5
1383,291,57,54,928,70.0,1,1766,3.75
1395,291,57,54,927,71.65558252427185,14,441,3.75
2586,292,57,1,829,75.0,5,178,3.0
2590,292,57,3,31,71.65558252427185,5,1944,2.75
1502,293,57,31,902,75.0,1,1161,2.0
2194,294,53,31,854,75.0,1,1355,2.5
2194,294,53,46,1235,70.0,1,1684,3.0
2238,295,5,4,1098,70.0,1,1510,3.0
2692,295,5,4,1376,71.65558252427185,5,1103,3.25
2518,296,56,34,623,72.0,5,1674,3.25
2502,297,57,28,137,73.0,5,1448,3.25
2502,297,57,49,636,75.0,5,627,3.25
2506,297,57,23,629,71.65558252427185,5,466,3.0
2506,297,57,55,1192,68.0,5,141,3.25
2506,297,57,25,357,71.65558252427185,5,1741,3.5
721,300,37,35,1006,70.0,19,2035,1.5
2426,299,57,55,1333,75.0,5,842,2.5
2430,299,57,18,499,75.0,5,832,2.75
284,301,30,28,749,67.0,16,1580,3.5
284,301,30,28,749,70.0,16,1626,3.75
288,301,30,28,749,75.0,16,1809,3.5
2664,302,57,8,1303,70.0,1,2047,2.5
607,303,57,30,270,71.65558252427185,14,1384,2.75
672,303,57,13,400,70.0,14,1618,2.5
693,303,57,10,1336,70.0,14,1855,2.75
991,303,57,54,558,70.0,14,418,3.25
995,303,57,54,365,70.0,14,305,3.25
995,303,57,54,625,70.0,14,2019,3.5
1085,303,57,37,1081,70.0,14,942,2.75
1085,303,57,4,186,71.65558252427185,14,1887,3.5
1089,303,57,54,557,71.65558252427185,14,670,2.75
1089,303,57,30,1387,70.0,14,2025,2.75
1940,303,57,42,524,73.0,1,1078,3.5
300,304,27,49,10,75.0,14,162,2.0
308,304,27,14,433,70.0,15,377,3.0
308,304,27,11,369,71.65558252427185,16,1207,3.25
308,304,27,13,1175,70.0,16,349,3.75
531,305,27,14,433,71.65558252427185,12,1890,2.0
184,306,30,28,1124,75.0,12,159,2.75
184,306,30,28,884,73.0,12,412,3.5
2226,307,54,50,260,71.65558252427185,3,871,2.75
1856,308,51,57,283,70.0,5,876,3.0
821,309,57,13,327,74.0,5,59,3.75
1219,309,57,35,1006,71.65558252427185,5,1507,2.5
1219,309,57,57,1348,74.0,5,1223,2.75
1446,309,57,14,442,74.0,1,1721,2.5
1331,310,8,8,318,70.0,12,1170,2.75
1003,311,57,27,722,72.0,5,1156,3.25
1007,311,57,54,559,72.0,5,1309,2.75
1007,311,57,35,1048,72.0,5,39,3.0
1007,311,57,54,935,72.0,5,1152,3.25
1089,311,57,54,934,72.0,5,1320,3.75
1522,311,57,34,809,72.0,5,1673,3.5
1522,311,57,10,358,72.0,5,500,3.75
2032,311,57,35,1322,71.65558252427185,5,1927,3.25
2442,311,57,54,562,70.0,5,523,3.5
871,312,39,13,518,70.0,1,184,3.25
871,312,39,18,520,70.0,1,228,3.5
875,312,39,14,519,70.0,1,827,3.25
1255,312,39,57,1054,70.0,1,1227,3.75
1844,312,39,31,607,70.0,5,56,3.75
1848,312,39,35,1006,71.65558252427185,5,1243,3.5
1474,313,57,13,1092,70.0,5,766,3.5
1474,313,57,35,794,71.65558252427185,5,471,3.5
1478,313,57,14,433,70.0,5,208,3.5
1606,313,57,53,1162,70.0,5,890,2.75
1606,313,57,31,2,70.0,5,1430,3.5
1606,313,57,35,1314,68.0,5,1019,3.5
1610,313,57,8,318,75.0,5,1464,2.75
1610,313,57,49,621,72.0,5,1929,3.0
1896,313,57,58,158,75.0,5,999,3.25
1956,313,57,58,708,73.0,1,606,3.0
2040,313,57,13,1397,72.0,5,272,3.5
2262,313,57,2,1001,71.65558252427185,5,1263,3.0
2262,313,57,30,1248,72.0,5,1949,3.25
1884,314,37,35,373,70.0,5,1683,2.75
2610,314,37,35,1045,70.0,5,1093,3.5
2598,315,57,30,1246,72.0,5,592,2.75
2598,315,57,3,41,72.0,5,707,2.75
2598,315,57,4,113,72.0,5,475,3.25
1808,316,6,2,202,75.0,1,577,3.25
2158,317,57,21,1025,71.65558252427185,1,522,2.75
845,318,60,58,420,72.0,5,1461,3.5
845,318,60,58,1275,70.0,5,249,3.5
849,318,60,58,152,71.65558252427185,5,1844,3.5
895,318,60,58,1273,71.65558252427185,5,332,3.0
955,318,60,58,705,74.0,5,1064,3.5
1149,318,60,58,1254,75.0,5,635,3.5
1650,318,60,58,1253,71.65558252427185,1,1051,3.25
1650,318,60,58,152,68.0,1,1486,3.5
1650,318,60,58,383,70.0,1,1759,3.75
2258,318,60,58,388,75.0,5,659,3.5
537,319,57,10,825,71.65558252427185,19,933,3.0
544,319,57,18,507,71.65558252427185,19,961,3.5
1189,320,57,13,402,74.0,14,2060,2.25
1836,321,2,8,1303,74.0,5,1567,3.25
572,322,57,57,942,75.0,1,567,3.0
572,322,57,13,407,70.0,1,1824,3.25
672,322,57,2,191,71.65558252427185,1,1409,3.5
709,322,57,57,291,70.0,1,560,3.0
773,322,57,1,869,70.0,1,856,3.5
777,322,57,34,990,71.0,1,851,2.75
777,322,57,35,1165,75.0,1,1325,3.0
777,322,57,13,327,71.65558252427185,1,545,3.25
777,322,57,13,692,74.0,1,841,3.75
959,322,57,2,1198,73.0,1,835,3.5
999,322,57,2,749,72.0,1,840,2.5
999,322,57,57,283,71.65558252427185,1,847,2.75
1359,322,57,2,491,75.0,1,1971,3.75
1450,322,57,49,1256,74.0,1,822,3.25
1177,323,1,56,771,71.65558252427185,5,1812,3.5
1177,323,1,28,1224,68.0,5,1846,4.0
1177,323,1,34,668,74.0,5,347,4.0
1181,323,1,2,975,70.0,5,1216,3.75
2704,324,57,54,666,70.0,5,1912,3.5
1367,325,57,1,829,70.0,1,891,3.25
1367,325,57,13,459,70.0,1,1461,3.25
1430,325,57,35,1310,71.65558252427185,1,953,3.25
2482,325,57,54,556,70.0,5,1200,3.0
2482,325,57,28,18,71.65558252427185,5,1907,3.25
2486,325,57,58,387,75.0,5,1471,3.0
1728,326,57,13,565,72.0,1,853,3.0
2474,327,6,20,206,71.65558252427185,5,1162,2.5
2478,327,6,1,834,70.0,5,250,3.25
1287,328,57,3,178,70.0,1,1372,2.5
1287,328,57,57,1348,70.0,1,1151,2.75
1287,328,57,1,144,71.65558252427185,1,1781,3.0
1291,328,57,31,906,70.0,1,665,3.0
1291,328,57,13,402,71.65558252427185,1,911,3.5
2362,329,11,13,956,70.0,2,538,2.75
2362,329,11,36,614,70.0,2,1703,3.25
2362,329,11,49,645,70.0,2,318,3.25
841,330,30,28,749,72.0,12,2003,2.5
2732,331,33,22,574,72.0,12,191,2.5
1347,332,21,22,573,71.65558252427185,5,974,3.5
1351,332,21,31,696,70.0,5,10,3.25
1494,332,21,15,457,70.0,5,432,3.0
2250,333,5,4,475,71.65558252427185,5,586,2.5
1267,334,51,4,482,70.0,5,623,3.0
1267,334,51,28,16,72.0,5,335,3.5
2166,334,1,42,1000,72.0,5,1499,3.25
2170,334,1,42,1265,71.65558252427185,5,512,3.75
1688,335,33,2,1225,71.65558252427185,7,3,3.5
2210,336,18,35,1031,70.0,5,782,3.5
2716,336,18,35,374,72.0,5,1366,3.0
24,337,17,2,248,71.65558252427185,14,62,2.0
24,337,17,39,1252,70.0,14,355,3.0
24,337,17,13,727,67.0,14,385,3.75
135,337,17,39,1357,67.0,14,399,3.5
2020,337,17,8,452,71.65558252427185,14,1541,3.25
2270,337,17,4,1097,70.0,14,1558,3.0
2438,337,17,20,683,70.0,14,436,3.5
887,338,57,3,31,75.0,9,1815,2.0
887,338,57,24,124,70.0,9,1016,2.5
1117,338,57,13,691,75.0,4,1157,2.5
1490,338,57,53,1161,70.0,5,74,3.5
1490,338,57,13,952,75.0,5,1790,3.75
1490,338,57,57,997,75.0,5,1222,3.75
1538,338,57,49,639,75.0,5,38,3.25
1538,338,57,31,818,70.0,5,1509,3.5
2112,339,3,13,962,70.0,5,664,3.0
2112,339,3,23,579,70.0,5,144,3.25
2112,339,3,1,1158,70.0,5,781,3.5
2114,339,3,35,795,70.0,5,289,3.25
825,340,57,14,433,70.0,14,2065,3.5
1073,340,57,14,433,70.0,14,2006,2.5
2346,341,3,14,732,70.0,5,1572,3.0
2346,341,3,23,619,74.0,5,559,3.0
2566,341,3,33,173,75.0,5,1556,2.75
2570,341,3,23,618,71.65558252427185,5,2015,3.0
2570,341,3,49,634,71.65558252427185,5,1525,3.0
2210,342,28,28,54,70.0,1,238,3.5
2214,342,28,4,107,70.0,1,998,3.0
2214,342,28,58,152,70.0,1,261,3.25
2214,342,28,35,1035,70.0,1,786,3.75
2382,343,57,14,444,67.0,5,1559,2.75
1920,344,28,21,9,71.65558252427185,1,854,3.5
1960,345,55,34,990,72.0,1,680,3.0
1960,345,55,28,749,72.0,1,1964,3.25
2370,345,55,49,639,71.65558252427185,5,277,3.75
2458,346,10,58,1354,70.0,5,1723,3.5
1626,347,5,4,115,70.0,1,210,3.5
1880,347,5,4,478,75.0,1,1810,3.75
2354,347,5,37,1082,70.0,5,1359,3.0
955,348,8,8,1303,71.65558252427185,19,2017,2.5
607,349,57,1,1335,67.0,5,1504,2.75
1026,349,57,1,1284,73.0,5,50,3.25
1030,349,57,1,1281,72.0,5,1860,3.0
2170,350,57,6,662,68.0,1,572,3.0
2198,350,57,4,186,72.0,5,486,2.5
2338,350,57,13,1389,70.0,1,445,3.5
2350,350,57,41,509,72.0,5,1475,3.0
2450,350,57,49,639,72.0,1,233,3.75
2648,351,57,28,143,70.0,5,381,2.75
2652,351,57,13,1402,70.0,5,455,3.25
1614,352,57,13,691,70.0,1,1328,3.0
1618,352,57,24,591,70.0,1,996,2.75
1618,352,57,35,1006,71.65558252427185,1,553,3.25
661,353,35,31,817,70.0,1,2010,2.75
661,353,35,31,871,70.0,1,2005,2.75
2142,353,35,31,917,70.0,5,631,3.25
1812,354,6,13,952,72.0,1,603,3.5
1391,355,1,34,986,70.0,19,1677,3.25
2222,356,57,30,267,70.0,5,170,3.25
2542,356,57,14,471,75.0,1,972,3.75
2656,356,57,35,1330,72.0,5,1022,3.5
1654,357,13,14,774,71.65558252427185,19,1794,3.25
1654,357,13,14,774,71.65558252427185,19,1800,3.5
2490,298,32,30,487,70.0,5,1041,3.0
1462,358,57,31,902,71.65558252427185,5,812,3.5
2190,359,28,57,283,70.0,1,1,3.5
1896,360,57,13,960,71.0,1,853,2.75
1896,360,57,49,656,68.0,1,532,2.75
1900,360,57,28,58,68.0,1,1936,2.75
1049,361,9,10,353,71.65558252427185,5,1997,2.5
1049,361,9,10,353,70.0,5,603,3.0
867,362,29,19,521,71.0,14,1578,2.5
1046,362,29,2,1298,70.0,12,1548,3.75
1379,362,29,31,902,70.0,12,1564,3.25
1399,362,29,57,298,75.0,12,214,2.75
1399,362,29,57,131,70.0,12,212,3.0
2418,362,29,15,486,70.0,5,98,3.25
2458,362,29,31,1118,67.0,5,1893,2.75
1403,363,57,35,1006,71.65558252427185,1,1068,2.25
1403,363,57,13,565,70.0,2,798,2.5
1403,363,57,28,749,73.5,1,983,2.5
1403,363,57,18,499,70.0,5,117,3.5
2060,364,25,13,571,70.0,1,561,3.25
15,365,3,2,1365,73.0,16,1174,2.0
15,365,3,39,1177,71.65558252427185,16,800,2.75
24,365,3,57,937,71.65558252427185,16,1332,3.0
135,365,3,2,391,73.0,16,1335,1.0
230,365,3,53,776,67.0,16,280,3.75
531,365,3,34,990,70.0,16,859,2.5
1526,366,57,57,995,72.0,1,1142,2.25
1526,366,57,13,460,72.0,1,1148,2.75
1526,366,57,28,56,72.0,1,1124,3.0
1526,366,57,35,1310,71.65558252427185,1,1140,3.0
2134,366,57,4,107,72.0,1,1175,3.0
2732,367,5,4,724,71.0,5,1132,3.25
2732,367,5,4,1269,72.0,5,1134,3.0
1022,368,57,35,1006,75.0,5,1788,2.75
1022,368,57,14,433,75.0,5,1646,3.5
2398,369,13,14,733,71.65558252427185,5,704,3.75
2142,370,37,35,263,71.65558252427185,5,1367,3.0
2158,371,57,49,647,72.0,5,1933,3.0
2162,371,57,58,163,71.65558252427185,5,1805,2.75
2174,371,57,13,952,72.0,5,54,3.0
2282,371,57,16,823,74.0,5,1737,2.75
2394,371,57,8,1204,71.65558252427185,5,1869,3.25
1295,372,57,18,499,75.0,11,1224,3.0
1299,372,57,1,870,75.0,11,258,3.0
1299,372,57,35,788,75.0,11,1478,3.25
837,373,57,57,1348,70.0,19,1915,3.0
841,373,57,14,433,70.0,19,1948,3.0
2736,374,57,13,1393,70.0,1,1324,3.5
2756,374,57,28,135,70.0,1,1649,3.25
2760,374,57,23,61,70.0,1,472,3.75
2760,374,57,30,1246,67.0,1,1653,3.0
2760,374,57,35,1322,70.0,1,791,3.0
2760,374,57,49,639,70.0,1,1976,3.5
931,375,35,31,690,70.0,1,2067,3.0
935,375,35,31,679,75.0,1,637,2.75
935,375,35,14,1085,71.65558252427185,1,1595,3.25
1454,376,57,18,504,70.0,1,1432,3.75
1458,376,57,14,435,71.65558252427185,1,596,2.75
1458,376,57,57,229,71.65558252427185,1,994,3.0
1458,376,57,28,1130,70.0,1,765,3.5
1470,376,57,13,691,71.65558252427185,1,1435,3.75
2486,376,57,32,26,71.65558252427185,5,239,3.0
2486,376,57,58,706,70.0,5,1771,3.25
1876,377,5,4,481,70.0,5,1191,3.5
478,378,57,26,595,70.0,16,815,2.5
1638,379,7,35,985,70.0,1,393,3.75
2386,379,7,35,984,70.0,1,931,3.75
1558,380,43,9,1358,71.65558252427185,5,1061,3.75
1558,380,43,35,1030,75.0,5,1338,4.0
1411,381,34,34,974,70.0,1,1679,3.0
1411,381,34,34,976,71.65558252427185,1,948,3.25
1411,381,34,34,973,74.0,1,1688,3.5
1760,381,34,38,1173,71.65558252427185,0,67,2.75
1760,381,34,38,1173,71.65558252427185,1,242,3.5
2490,382,57,20,204,70.0,1,443,3.0
2494,382,57,49,639,70.0,1,1722,3.0
2494,382,57,55,192,70.0,1,490,3.25
2494,382,57,23,580,70.0,1,941,3.25
2494,382,57,3,1290,70.0,1,1636,3.75
2498,382,57,8,84,70.0,1,2051,3.25
2498,382,57,58,152,71.65558252427185,1,291,3.75
2566,382,57,21,1020,70.0,1,82,3.75
2582,382,57,54,564,70.0,1,124,3.25
2696,382,57,35,1322,70.0,1,460,3.25
2704,382,57,57,283,70.0,1,1884,3.5
1594,383,57,53,1163,70.0,5,1264,2.75
1598,383,57,49,1256,70.0,5,1960,3.0
761,384,18,3,1244,70.0,1,1423,3.5
457,385,57,2,392,67.0,5,1531,2.75
457,385,57,2,393,75.0,5,676,3.0
486,385,57,13,403,72.0,5,573,3.0
486,385,57,18,501,72.0,5,845,3.0
688,386,6,2,249,71.65558252427185,16,1505,2.75
1247,387,23,34,990,70.0,5,1010,3.0
1247,387,23,28,749,71.65558252427185,5,1392,3.5
1816,387,23,49,620,70.0,5,1926,3.75
2036,387,23,31,902,73.0,5,939,3.0
2514,388,57,28,1145,70.0,1,1952,3.25
2518,388,57,58,155,71.65558252427185,1,1443,3.25
2518,388,57,49,650,70.0,1,1905,3.5
2676,389,52,35,1154,71.65558252427185,5,150,3.25
2676,389,52,28,138,75.0,5,1974,3.5
2680,389,52,8,1305,75.0,5,126,2.75
2680,389,52,35,1041,71.65558252427185,5,783,3.25
1161,544,6,1,829,74.0,5,1520,2.75
1165,544,6,13,691,72.0,5,1588,2.75
1165,544,6,31,907,72.0,5,829,2.75
1165,544,6,13,247,72.0,5,1532,3.0
1165,544,6,14,867,72.0,5,1801,3.0
2076,544,45,33,982,71.0,5,616,3.0
331,390,52,9,380,70.0,5,2037,3.0
341,390,52,35,1038,75.0,5,403,3.0
341,390,52,3,45,68.0,5,1407,3.25
733,390,52,3,44,71.65558252427185,5,360,3.75
1438,390,52,34,989,68.0,5,626,2.75
859,391,37,35,1006,72.0,12,1570,3.0
224,392,13,14,731,72.0,12,1591,3.0
266,392,13,14,1095,71.65558252427185,12,1557,3.5
721,392,13,14,915,70.0,12,2061,3.5
863,392,13,35,1030,70.0,12,1042,4.0
1415,392,13,14,495,70.0,12,712,3.25
1415,392,13,14,371,70.0,12,1632,3.5
1415,392,13,14,883,70.0,12,348,3.75
1415,392,13,14,1255,71.65558252427185,12,407,4.0
1848,392,13,8,1201,70.0,12,268,4.0
2230,393,28,21,551,70.0,16,2036,3.5
2234,393,28,58,1354,71.65558252427185,16,1154,3.25
2234,393,28,11,369,72.0,16,414,3.75
1239,394,6,3,38,71.65558252427185,1,2050,2.75
1303,394,6,14,214,71.65558252427185,1,594,2.75
1399,394,6,2,429,71.65558252427185,1,929,3.5
1399,394,6,53,513,70.0,1,1058,3.75
1570,394,6,3,1208,70.0,1,1669,3.25
1570,394,6,53,1163,70.0,2,1052,3.25
1574,394,6,49,639,72.0,1,1410,3.5
1574,394,6,58,705,72.0,1,236,3.75
1720,394,6,20,697,71.65558252427185,1,761,2.75
1720,394,6,1,840,72.0,1,1867,3.0
1992,394,6,35,787,72.0,1,785,2.75
1992,394,6,21,1020,70.0,1,1811,3.5
2000,394,6,13,402,75.0,1,306,2.75
2286,394,6,35,805,70.0,1,940,3.5
2298,395,47,1,840,75.0,1,687,3.25
2302,395,47,35,272,71.0,1,1550,3.5
1251,396,57,3,31,70.0,1,862,3.0
1255,396,57,13,961,70.0,1,1100,3.5
1542,396,57,20,702,71.65558252427185,1,950,3.5
1856,396,57,49,634,70.0,1,1735,3.25
2274,397,57,20,535,75.0,5,675,2.75
2274,397,57,13,402,71.65558252427185,5,1508,2.75
2278,397,57,8,318,71.65558252427185,5,1177,3.0
1137,398,37,35,1006,70.0,14,833,2.75
196,399,57,28,749,70.0,5,1105,4.0
331,399,57,28,749,75.0,5,1639,4.0
439,399,57,28,749,67.0,5,342,3.5
439,399,57,57,1104,70.0,5,593,3.5
636,399,57,2,1205,70.0,5,1711,3.75
1034,399,57,35,1040,67.0,5,313,4.0
1271,400,56,28,762,71.65558252427185,2,1834,2.25
1271,400,56,28,762,71.65558252427185,2,215,2.75
2258,401,57,16,484,75.0,3,1099,3.0
2294,402,6,35,1331,70.0,12,1258,3.25
81,403,3,30,1069,72.0,16,1104,4.0
93,403,3,24,626,72.0,16,1398,3.0
93,403,3,57,949,72.0,16,1416,3.75
111,403,3,2,199,70.0,16,1428,4.0
129,403,3,14,738,72.0,16,314,3.75
141,403,3,28,1142,72.0,16,1962,4.0
414,403,3,4,109,71.65558252427185,16,1686,3.0
445,403,3,30,1067,71.65558252427185,16,89,3.0
478,403,3,57,283,75.0,16,1888,3.0
478,403,3,53,1302,75.0,16,58,3.25
531,403,3,35,1011,71.65558252427185,16,64,3.0
1658,403,3,6,554,70.0,16,1084,3.25
2342,403,3,6,553,71.65558252427185,12,1422,3.0
2700,403,3,7,550,72.0,12,762,3.5
2462,404,57,58,389,70.0,5,1961,3.0
2462,404,57,49,652,70.0,5,1921,3.5
2462,404,57,23,631,73.0,5,345,3.5
1311,405,57,28,15,71.65558252427185,1,965,3.25
1315,405,57,16,893,71.65558252427185,1,938,2.5
1319,405,57,14,218,73.0,1,1994,3.25
1319,405,57,14,217,71.65558252427185,1,973,3.5
1506,405,57,31,1267,71.65558252427185,5,206,2.5
2530,406,57,3,1291,71.65558252427185,5,1539,3.0
2530,406,57,13,1392,70.0,5,1658,3.0
2530,406,57,49,1256,70.0,5,1377,3.25
2582,407,57,21,551,71.65558252427185,5,1950,2.75
2586,407,57,18,499,71.65558252427185,5,613,3.0
647,408,57,10,1337,70.0,1,792,3.5
654,408,57,10,1338,70.0,1,770,3.0
789,408,57,35,1167,70.0,1,799,2.75
789,408,57,4,107,70.0,1,1118,3.5
1387,408,57,57,378,70.0,1,1116,3.75
1820,408,57,13,955,70.0,1,480,3.75
2076,408,57,8,1303,70.0,1,1053,4.0
2538,408,57,55,1193,75.0,1,1030,3.75
2622,408,57,35,1329,70.0,1,15,3.75
32,409,17,26,601,75.0,12,406,3.75
40,409,17,56,1346,75.0,12,1671,3.0
99,409,17,11,369,75.0,12,607,3.0
99,409,17,2,234,75.0,12,1585,3.0
99,409,17,2,398,75.0,12,1972,3.5
105,409,17,4,875,75.0,12,333,3.0
162,409,17,39,315,71.65558252427185,12,1013,4.0
280,409,17,13,416,75.0,12,1593,2.0
280,409,17,4,879,71.65558252427185,12,278,3.5
451,409,17,57,376,75.0,12,308,2.0
486,409,17,57,283,75.0,12,1240,3.5
717,409,17,57,1064,75.0,12,127,3.25
1446,409,17,35,1006,71.65558252427185,5,1894,3.25
2406,409,17,34,987,71.65558252427185,12,286,3.0
2410,409,17,24,603,75.0,12,751,3.0
2410,409,17,57,132,75.0,12,1456,3.0
2410,409,17,53,1297,75.0,12,1996,3.25
2410,409,17,40,1178,75.0,12,462,3.5
2414,409,17,28,913,75.0,12,902,3.0
2414,409,17,18,499,71.65558252427185,12,1413,3.25
2414,409,17,49,1259,71.65558252427185,12,1770,3.5
2418,409,17,8,324,75.0,12,1535,3.0
2418,409,17,14,466,75.0,12,508,3.5
2118,410,57,49,644,75.0,2,1730,3.25
2118,410,57,35,276,71.65558252427185,2,1131,3.25
2318,411,46,58,1354,71.65558252427185,1,749,2.75
1223,412,56,57,996,75.0,5,1218,2.75
1223,412,56,14,529,75.0,5,1347,3.0
1223,412,56,28,23,72.0,5,1050,3.25
1227,412,56,14,529,71.65558252427185,5,729,2.75
1502,412,56,19,362,70.0,5,447,3.5
1530,412,56,28,21,71.65558252427185,5,431,3.5
1872,412,56,14,278,71.65558252427185,5,711,3.5
1956,412,56,26,105,75.0,1,1838,3.75
2166,412,56,42,525,72.0,5,491,3.25
931,413,27,57,1348,71.65558252427185,12,673,2.75
1984,413,27,58,1354,75.0,12,968,3.5
1988,413,27,14,433,73.0,12,682,3.25
1988,413,27,34,990,71.65558252427185,12,937,3.25
1988,413,27,13,400,71.65558252427185,12,1343,3.75
1057,414,5,4,186,71.65558252427185,5,1831,3.25
1069,414,5,4,186,71.65558252427185,5,415,2.75
1069,414,5,4,186,71.65558252427185,5,1966,3.25
2238,415,6,35,106,70.0,5,1368,3.0
2426,415,6,35,304,70.0,5,96,3.75
2470,415,6,35,888,71.65558252427185,5,935,3.5
2506,415,6,35,1042,70.0,5,787,4.0
2594,415,6,35,262,70.0,5,94,3.75
1796,416,32,30,862,70.0,5,861,2.75
1800,416,32,30,1340,74.0,5,2056,3.0
785,417,57,13,691,71.65558252427185,5,382,3.5
959,417,57,28,749,75.0,5,850,3.25
1708,417,57,9,1358,75.0,5,1401,2.75
1788,417,57,35,47,71.65558252427185,5,1369,3.0
2032,417,57,21,1029,70.0,5,816,3.25
2032,417,57,21,1028,70.0,5,50,3.5
470,418,20,20,1233,71.65558252427185,16,0,2.75
565,419,13,14,433,71.65558252427185,19,1660,3.0
1558,420,57,35,1168,70.0,1,1299,2.5
1562,420,57,35,1313,73.0,1,516,3.5
2668,420,57,30,1211,70.0,1,752,3.25
1872,421,17,35,1030,75.0,5,620,3.25
2158,422,57,49,653,72.0,5,325,3.75
2158,422,57,35,451,72.0,5,492,3.75
2166,422,57,14,210,72.0,5,715,3.5
2330,422,57,13,958,72.0,5,724,3.5
2334,422,57,31,817,72.0,5,802,3.5
2618,422,57,18,1234,72.0,5,776,3.5
867,423,39,35,1095,70.0,19,1707,2.5
147,424,13,14,774,71.65558252427185,12,199,3.0
147,424,13,14,453,71.65558252427185,12,310,3.5
170,424,13,14,731,75.0,12,2023,3.75
439,424,13,14,741,71.65558252427185,12,1879,2.5
494,424,13,14,468,75.0,12,1883,3.25
745,425,57,10,352,75.0,1,451,3.5
891,425,57,28,1137,75.0,1,449,4.0
967,425,57,14,212,75.0,1,513,3.25
979,425,57,53,515,75.0,1,1322,3.5
1089,425,57,1,1283,75.0,1,1989,3.75
1181,425,57,35,797,75.0,1,991,3.0
1466,425,57,2,863,70.0,1,1857,3.5
1860,425,57,14,213,71.65558252427185,1,699,3.75
2008,425,57,30,1381,75.0,5,1704,3.75
2282,425,57,31,674,70.0,1,279,3.5
2514,425,57,28,1138,75.0,5,1967,3.5
2080,426,57,49,654,72.0,5,1168,3.0
2354,426,57,16,1345,70.0,5,661,2.5
2354,426,57,35,1322,70.0,5,662,2.5
1844,427,46,10,681,70.0,1,510,3.25
1844,427,46,10,1260,70.0,1,638,3.25
1844,427,46,10,768,70.0,1,1463,3.25
1061,428,30,28,749,71.65558252427185,16,1421,3.25
1061,428,30,28,750,68.0,12,53,3.25
213,429,57,13,567,70.0,1,1210,2.75
213,429,57,26,595,71.65558252427185,1,1560,2.75
213,429,57,28,1135,70.0,1,1383,3.0
213,429,57,53,1297,70.0,1,546,3.0
327,429,57,57,1100,70.0,1,1119,3.5
565,429,57,35,1030,75.0,1,1718,3.75
793,429,57,3,1206,71.65558252427185,1,1404,3.0
979,429,57,14,214,75.0,1,700,3.75
1038,429,57,28,22,70.0,1,350,3.5
1081,429,57,13,568,70.0,1,1826,3.5
1081,429,57,3,1207,75.0,1,1701,4.0
1193,429,57,26,100,75.0,1,963,3.75
1446,429,57,57,235,70.0,1,467,3.75
1566,429,57,3,1287,75.0,1,1466,3.25
1748,429,57,22,686,71.65558252427185,1,1503,3.75
713,430,22,57,237,73.0,5,655,3.5
717,430,22,57,1054,71.0,5,954,2.5
717,430,22,57,80,70.0,5,2001,3.5
871,430,22,28,1139,72.0,5,139,2.5
2004,430,22,57,283,73.0,5,1181,3.75
2672,430,22,35,1046,72.0,5,80,3.75
1964,431,27,22,1096,71.65558252427185,3,1261,2.75
2036,431,27,21,1027,75.0,5,222,3.0
2036,431,27,31,919,70.0,5,271,3.5
2660,431,27,49,661,71.65558252427185,1,205,3.5
607,432,27,28,772,71.65558252427185,19,1597,3.5
615,432,27,2,0,71.65558252427185,19,1832,1.5
615,432,27,13,1121,70.0,19,769,3.0
615,432,27,2,250,72.0,19,621,3.5
615,432,27,2,716,71.65558252427185,19,1616,3.5
813,434,57,2,1318,69.0,10,808,3.25
288,435,0,4,110,70.0,12,417,3.5
288,435,0,14,468,70.0,12,1252,3.5
288,435,0,57,237,70.0,12,1193,3.5
292,435,0,14,1099,71.65558252427185,12,732,3.5
2004,436,13,14,542,71.65558252427185,12,677,3.25
32,437,8,8,322,70.0,16,1512,3.75
404,437,8,8,321,75.0,6,1498,2.75
414,437,8,8,323,70.0,16,1932,3.0
761,438,17,39,1177,70.0,16,1349,2.75
15,439,57,2,168,70.0,16,179,3.5
40,439,57,2,670,68.0,16,764,2.0
56,439,57,26,596,70.0,16,740,2.0
56,439,57,2,1189,71.65558252427185,16,1993,3.0
117,439,57,2,715,72.0,16,1880,3.0
135,439,57,2,898,71.65558252427185,16,1913,3.0
135,439,57,57,376,75.0,16,288,3.75
188,439,57,2,75,75.0,16,1717,3.0
227,439,57,2,490,72.0,16,795,3.0
336,439,57,4,1285,68.0,16,1713,3.75
445,439,57,58,152,71.65558252427185,16,346,3.75
464,439,57,19,209,68.0,16,1706,3.5
781,439,57,34,809,68.0,16,183,3.75
959,439,57,35,1164,71.65558252427185,12,41,4.0
1658,440,56,13,402,70.0,1,1519,2.75
1658,440,56,19,521,70.0,1,1271,2.75
2104,441,57,22,1361,70.0,1,534,2.75
2104,441,57,49,639,70.0,1,1816,3.25
2108,441,57,13,1388,71.65558252427185,1,589,3.0
2446,441,57,16,821,71.65558252427185,1,1633,2.75
2446,441,57,55,1190,70.0,1,243,3.5
2590,441,57,35,1322,70.0,1,1321,3.5
2594,441,57,58,152,70.0,1,91,3.5
2660,441,57,53,498,71.65558252427185,1,1647,3.25
2660,441,57,23,61,70.0,1,1818,3.5
2366,442,57,1,144,70.0,5,772,3.5
2370,442,57,20,535,70.0,5,1789,3.0
2370,442,57,8,318,70.0,5,72,3.0
1335,443,57,14,433,75.0,1,266,3.0
1335,443,57,1,145,72.0,1,756,3.25
1450,443,57,26,595,72.0,1,1820,3.25
1450,443,57,34,990,73.0,1,190,3.5
1466,443,57,13,1091,74.0,1,789,3.5
713,444,57,54,561,73.0,14,1825,2.0
721,444,57,54,563,71.65558252427185,14,1345,2.5
757,445,37,35,1054,71.65558252427185,5,1882,3.5
1884,445,37,35,1277,71.65558252427185,5,599,3.25
1586,446,9,10,968,70.0,5,830,3.5
911,447,57,35,1006,71.65558252427185,19,1620,2.5
2716,448,8,8,1200,72.0,5,114,3.5
717,449,27,1,828,67.0,13,622,3.0
741,449,27,8,1057,68.0,13,663,3.0
1339,450,6,28,1221,67.0,5,1983,3.75
1339,450,6,28,1221,73.0,5,930,3.75
1343,450,6,14,214,73.0,5,988,3.75
1614,450,6,20,698,73.0,1,2055,3.0
1614,450,6,20,699,73.0,2,2057,3.25
1650,450,6,21,1020,73.0,1,1300,3.25
1788,450,6,3,1370,73.0,1,1845,3.5
1856,450,6,49,640,73.0,1,52,3.5
1860,450,6,14,470,73.0,1,1425,3.75
1996,450,6,35,1277,73.0,1,148,3.75
2652,450,6,30,1213,73.0,5,88,3.0
2652,450,6,23,66,73.0,5,136,3.25
1454,451,57,18,499,70.0,14,1957,2.75
1462,451,57,31,905,72.0,5,1113,3.0
1618,452,1,28,20,71.65558252427185,5,684,3.25
1622,452,1,28,20,70.0,5,679,3.5
1622,452,1,49,639,71.65558252427185,5,92,3.75
1622,452,1,53,1161,70.0,5,197,3.75
1622,452,1,14,210,72.0,5,383,4.0
1626,452,1,3,178,72.0,5,713,2.75
1666,452,1,35,803,67.0,5,1028,3.0
1666,452,1,57,296,71.65558252427185,5,1073,3.75
1740,452,1,57,531,70.0,5,343,3.75
1740,452,1,14,1065,70.0,5,1044,4.0
1756,452,1,1,845,70.0,5,18,3.75
1864,452,1,58,1273,71.65558252427185,5,368,3.0
1864,452,1,0,95,67.0,5,479,3.75
1908,452,1,20,274,70.0,5,866,3.25
1940,452,1,13,953,70.0,5,181,3.5
1952,452,1,21,1026,70.0,5,274,3.5
502,453,57,28,749,68.0,5,1077,3.0
502,453,57,14,433,68.0,5,768,3.25
693,453,57,18,499,67.0,5,1348,1.5
1968,454,24,23,587,70.0,5,806,2.75
1518,455,57,28,749,72.0,1,1965,3.0
1812,455,57,14,436,71.65558252427185,1,993,3.5
1840,456,56,35,799,68.0,1,1850,2.75
2366,456,56,36,615,71.65558252427185,5,964,2.5
1792,457,34,42,1217,70.0,1,1941,3.25
1796,457,34,42,1218,71.65558252427185,1,1791,3.25
1157,458,57,28,1123,70.0,1,550,3.0
1157,458,57,57,49,70.0,1,434,3.0
1161,458,57,3,178,70.0,1,976,3.25
1161,458,57,35,1165,70.0,5,1137,3.25
1161,458,57,2,1364,70.0,5,373,3.5
1335,458,57,55,192,71.65558252427185,5,1139,3.0
1992,458,57,49,633,70.0,5,1854,3.25
2068,458,57,23,61,70.0,5,1123,3.25
2660,458,57,58,386,70.0,5,1144,3.5
377,459,6,13,565,70.0,5,1827,3.0
377,459,6,18,10,70.0,5,611,3.5
387,459,6,13,327,70.0,5,1666,3.0
387,459,6,34,990,70.0,5,1691,3.5
387,459,6,28,749,70.0,5,1896,3.75
387,459,6,57,937,70.0,5,76,3.75
607,459,6,2,169,70.0,5,283,3.75
676,459,6,19,522,70.0,5,1902,2.75
676,459,6,3,43,70.0,5,590,3.5
676,459,6,2,1272,70.0,5,1863,4.0
676,459,6,35,1015,71.65558252427185,5,292,4.0
682,459,6,13,462,70.0,5,521,3.75
688,459,6,57,283,71.65558252427185,5,1865,3.5
817,459,6,21,914,70.0,5,2002,3.25
833,459,6,54,926,70.0,5,293,3.75
867,459,6,2,424,70.0,5,384,4.0
867,459,6,2,390,71.65558252427185,5,326,4.0
951,459,6,20,207,70.0,5,1544,3.5
951,459,6,57,242,70.0,5,987,3.75
967,459,6,2,432,70.0,5,1681,3.5
1030,459,6,24,603,70.0,5,401,3.25
1073,459,6,35,78,70.0,5,359,2.75
1073,459,6,53,1174,70.0,5,304,3.75
1077,459,6,2,264,70.0,5,797,3.25
1077,459,6,57,995,70.0,5,1201,3.75
1077,459,6,57,784,71.65558252427185,5,477,4.0
1081,459,6,2,467,67.0,5,1444,4.0
1173,459,6,57,966,70.0,5,379,3.25
1177,459,6,26,101,70.0,5,697,4.0
1227,459,6,31,696,70.0,5,49,3.5
1259,459,6,35,788,70.0,5,404,3.75
1307,459,6,31,676,71.65558252427185,5,1807,3.25
1307,459,6,56,473,70.0,5,400,3.75
1339,459,6,2,725,70.0,5,1978,3.25
1594,459,6,57,198,70.0,5,1446,3.5
1594,459,6,57,1054,75.0,5,32,4.0
1820,459,6,28,1132,70.0,5,1501,3.5
1828,459,6,4,108,70.0,5,327,3.5
1828,459,6,31,308,70.0,5,612,3.75
1828,459,6,2,7,75.0,5,40,3.75
1828,459,6,58,1274,70.0,5,352,4.0
1832,459,6,14,223,70.0,5,1192,3.25
2016,459,6,16,484,70.0,5,395,3.25
2016,459,6,8,83,71.65558252427185,5,353,4.0
2068,459,6,21,1024,71.65558252427185,5,1906,3.0
2242,459,6,28,141,70.0,5,294,4.0
2242,459,6,57,280,70.0,5,1203,4.0
2638,459,6,28,142,70.0,5,1397,3.5
2638,459,6,57,532,70.0,5,1750,3.5
2680,459,6,2,422,71.65558252427185,14,1918,3.25
2700,459,6,58,162,70.0,5,202,4.0
2768,459,6,55,1191,70.0,5,426,4.0
1367,460,57,31,902,70.0,1,580,3.25
1395,460,57,54,555,70.0,1,1005,3.5
1932,461,6,13,402,70.0,1,683,3.25
1936,461,6,14,433,75.0,1,539,3.25
1936,461,6,28,749,71.65558252427185,1,1982,3.5
1936,461,6,57,1348,71.65558252427185,1,533,3.5
1940,461,6,49,1256,71.65558252427185,1,1835,3.5
793,462,57,13,12,70.0,14,1293,3.0
793,462,57,13,12,71.65558252427185,14,643,3.0
793,462,57,13,12,71.65558252427185,14,1292,3.25
1434,463,1,56,769,72.0,5,102,2.75
1792,463,1,13,415,70.0,5,1768,3.5
1792,463,1,14,443,70.0,5,728,3.75
1792,463,1,28,761,70.0,5,1356,3.75
1932,463,57,35,1006,71.65558252427185,5,709,2.75
1932,463,57,14,433,71.65558252427185,5,695,3.5
1932,463,57,13,402,71.65558252427185,5,1590,3.75
2684,464,57,1,835,71.65558252427185,1,1878,3.25
2684,464,57,28,140,70.0,1,1351,3.5
2684,464,57,55,194,70.0,1,438,3.5
1057,465,52,3,31,71.65558252427185,12,641,3.0
1113,433,57,13,402,70.0,6,2014,3.0
2748,467,51,28,135,71.65558252427185,1,1665,3.25
2748,467,51,1,844,70.0,1,918,3.5
2748,467,51,23,585,70.0,1,1379,3.5
1634,468,57,14,176,70.0,10,259,3.0
1692,468,57,13,565,70.0,10,256,3.0
1692,468,57,20,203,70.0,10,505,3.0
1692,468,57,31,1110,71.65558252427185,10,112,3.0
1696,468,57,28,1126,70.0,10,1396,3.0
729,469,52,23,587,72.0,14,1341,3.25
859,469,52,4,111,68.0,14,416,2.75
1291,470,57,14,440,70.0,5,1274,3.5
2012,470,57,3,1372,70.0,5,660,2.5
943,466,57,36,1122,70.0,14,568,2.5
943,466,57,36,1122,75.0,14,84,2.75
1157,471,57,28,1123,67.0,1,1150,2.75
1800,472,11,35,1006,71.65558252427185,16,1620,2.5
1800,472,11,35,1006,71.0,16,1362,3.0
1796,473,59,57,1348,70.0,5,1858,2.75
1618,474,51,43,1229,70.0,1,872,2.75
2434,474,51,49,643,74.0,1,741,2.75
2634,545,57,22,573,72.0,5,1329,3.0
2634,545,57,35,1006,72.0,5,597,3.0
2230,475,28,57,283,75.0,16,8,3.25
2234,475,28,49,1256,75.0,5,666,2.75
2234,475,28,1,144,70.0,16,138,3.0
2242,475,28,35,1165,71.65558252427185,16,1371,2.5
2242,475,28,4,51,70.0,16,157,3.0
2470,476,6,35,1322,71.65558252427185,5,119,3.25
2474,476,6,30,1246,74.0,5,498,3.0
2482,476,6,34,990,73.0,5,1631,3.25
761,477,22,57,366,70.0,5,1516,3.0
939,477,22,13,1175,70.0,5,1514,3.25
939,477,22,28,865,70.0,5,1511,3.25
939,477,22,35,97,70.0,5,1947,3.75
1185,477,22,28,96,70.0,5,1039,3.5
1185,477,22,28,1228,70.0,5,453,3.5
1193,477,22,31,200,70.0,5,1726,3.25
1263,477,22,57,1054,70.0,5,1543,3.5
1263,477,22,11,126,71.65558252427185,5,1521,3.75
1668,477,22,14,892,70.0,5,1914,3.25
1704,477,22,28,59,70.0,5,1729,3.25
1704,477,22,14,1380,70.0,5,211,3.75
1708,477,22,58,156,70.0,5,1690,3.25
1708,477,22,4,483,70.0,5,1513,3.5
1101,479,57,10,354,70.0,14,1023,2.75
1101,479,57,13,402,70.0,14,1279,2.75
1105,479,57,30,269,70.0,14,2029,2.5
1105,479,57,35,1013,70.0,14,2028,3.0
1450,480,28,8,318,71.65558252427185,16,692,3.0
2286,481,60,58,1354,70.0,5,255,2.75
2286,481,60,58,1354,75.0,5,927,3.0
1868,482,50,47,994,70.0,1,584,3.25
2262,483,57,57,295,75.0,14,2026,3.0
2326,483,57,35,49,75.0,5,79,3.25
2326,483,57,35,1030,75.0,5,685,4.0
1646,484,57,28,1123,75.0,14,61,3.0
2306,485,52,31,902,72.0,5,1237,3.0
2306,485,52,30,861,71.65558252427185,5,1215,3.25
2566,486,57,21,552,71.65558252427185,5,581,2.75
180,487,57,13,395,70.0,5,1594,3.0
451,487,57,30,266,71.65558252427185,5,1517,2.75
1271,487,57,1,144,68.0,5,216,3.0
199,478,57,18,279,71.65558252427185,16,863,2.5
280,478,57,35,492,70.0,16,1963,2.5
280,478,57,28,312,70.0,16,554,2.75
284,478,57,35,920,70.0,16,551,2.5
387,478,57,2,1245,68.0,16,1198,3.0
801,488,57,28,336,70.0,14,1143,2.75
801,488,57,2,134,70.0,14,1128,3.0
805,488,57,34,82,71.65558252427185,14,1126,3.0
805,488,57,13,1075,70.0,14,1125,3.5
817,488,57,14,671,71.65558252427185,14,844,3.25
821,488,57,35,231,71.65558252427185,14,1344,2.0
825,488,57,14,672,70.0,5,1136,3.25
829,488,57,3,1156,70.0,5,145,2.75
829,488,57,28,232,70.0,5,1814,3.0
833,488,57,30,472,70.0,5,1125,3.25
967,488,57,4,472,70.0,5,689,2.75
971,488,57,57,337,71.65558252427185,14,600,3.0
971,488,57,3,1156,67.0,5,818,3.25
971,488,57,4,116,70.0,5,922,3.5
1323,489,57,28,758,67.0,1,1940,3.75
1323,489,57,55,1334,71.65558252427185,1,295,3.75
1478,489,57,35,1006,70.0,1,1764,2.75
1478,489,57,1,144,70.0,1,1239,3.75
1478,489,57,28,749,70.0,1,107,3.75
1482,489,57,14,433,71.65558252427185,1,708,3.25
1554,489,57,13,952,70.0,5,1763,3.5
1558,489,57,20,535,70.0,5,2052,3.75
2370,489,57,3,31,71.65558252427185,5,1171,3.25
2374,489,57,21,551,72.0,5,883,2.75
1614,490,51,35,1006,70.0,5,1614,3.0
184,491,57,25,592,75.0,14,544,2.5
188,491,57,2,505,75.0,5,1606,3.0
903,491,57,9,339,71.65558252427185,14,1956,3.25
1684,492,28,35,1037,70.0,1,1340,3.25
2414,493,57,14,350,70.0,1,1375,3.5
2182,494,8,8,860,71.65558252427185,6,736,3.0
2182,494,8,8,1087,70.0,6,1780,3.25
1836,495,18,1,149,72.0,5,104,3.75
2358,496,57,49,639,71.0,1,87,2.75
2510,497,13,14,494,75.0,5,1871,3.25
1418,498,13,14,774,71.65558252427185,1,2058,3.25
895,499,17,51,1114,70.0,19,1716,4.0
789,500,57,57,1348,71.65558252427185,5,1339,2.75
789,500,57,13,402,74.0,5,1363,3.0
927,500,57,3,1375,71.65558252427185,5,1598,3.0
2060,501,56,3,32,70.0,5,1772,3.0
2060,501,56,1,849,71.65558252427185,5,917,3.5
2064,501,56,21,8,71.65558252427185,5,1065,2.75
2270,501,56,8,1303,71.65558252427185,5,570,2.75
2314,502,46,14,433,70.0,1,1213,3.5
1239,503,57,13,327,72.0,1,26,3.0
821,504,57,13,691,71.65558252427185,3,886,3.25
907,504,57,13,333,70.0,3,1596,2.75
2526,505,57,31,673,70.0,1,901,3.25
2526,505,57,21,1020,71.65558252427185,1,497,3.25
2530,505,57,20,535,71.65558252427185,1,106,3.75
2664,505,57,36,767,71.65558252427185,1,1813,3.25
2210,506,37,35,1322,73.0,5,1357,3.0
2218,506,37,35,1043,70.0,5,1937,3.5
2470,507,6,35,1322,70.0,1,2044,3.0
2490,507,6,58,385,70.0,1,1984,2.75
2490,507,6,22,345,70.0,1,2078,2.75
753,508,30,28,57,72.0,19,237,3.5
753,546,57,13,402,73.0,1,1496,2.75
1022,546,57,13,413,68.0,1,1488,3.25
1026,546,57,3,981,75.0,1,1455,2.5
1235,546,57,28,760,71.65558252427185,1,986,3.5
1700,546,57,13,952,75.0,1,1796,2.75
1700,546,57,14,256,75.0,1,969,3.5
1996,546,57,49,639,75.0,1,541,3.25
709,509,17,13,402,71.65558252427185,19,1760,3.75
2000,510,6,13,402,75.0,1,527,2.75
2004,510,6,49,1256,71.65558252427185,1,529,3.0
2004,510,6,20,535,75.0,1,528,3.25
1438,511,57,31,817,74.0,1,425,2.75
1438,511,57,13,1153,70.0,1,1985,3.0
1752,512,57,28,756,71.65558252427185,1,1911,3.0
1752,512,57,49,1257,72.0,1,1612,3.25
1968,513,47,8,1201,70.0,5,1746,3.75
2210,513,47,31,918,70.0,5,1451,3.75
2478,514,6,1,837,71.65558252427185,5,1449,3.5
63,515,17,2,251,71.65558252427185,16,1654,3.0
63,515,17,2,526,70.0,16,1899,3.75
75,515,17,53,514,71.65558252427185,16,1256,2.5
117,515,17,2,81,72.0,16,389,3.0
129,515,17,28,777,71.65558252427185,16,302,4.0
157,515,17,2,718,71.0,16,1188,2.75
395,515,17,18,921,68.0,16,312,3.5
931,515,17,57,972,69.0,16,824,4.0
1145,515,17,2,70,70.0,16,2081,3.5
1510,515,17,35,1044,71.65558252427185,16,962,4.0
1972,515,17,2,965,71.65558252427185,5,989,3.25
963,516,57,18,775,72.0,19,1732,2.5
404,517,30,28,749,72.0,5,617,2.75
404,517,30,28,749,70.0,19,1289,3.0
404,517,30,28,750,68.0,19,1304,3.0
1470,518,57,3,979,70.0,1,1337,3.25
1470,518,57,3,980,70.0,1,282,3.25
2186,518,57,3,979,70.0,1,1685,2.75
2186,518,57,20,28,70.0,1,602,3.0
2190,518,57,13,1151,70.0,1,448,3.25
991,519,57,2,314,70.0,5,1931,3.25
1117,519,57,2,394,71.65558252427185,5,1057,3.75
1211,519,57,13,402,71.65558252427185,5,958,3.25
1211,519,57,53,1297,75.0,5,1792,3.5
1227,519,57,14,867,75.0,5,1786,3.5
2578,519,57,20,273,75.0,1,587,2.75
2578,519,57,13,1388,75.0,1,1454,3.0
2578,519,57,2,313,71.65558252427185,5,1220,3.5
2578,519,57,14,355,75.0,1,694,3.5
951,520,17,58,157,71.65558252427185,12,1773,3.5
1205,521,57,35,1165,75.0,5,1611,3.0
153,522,57,14,740,75.0,19,253,3.0
1720,523,57,35,1006,71.65558252427185,16,1370,2.5
1720,523,57,57,937,70.0,16,1236,2.5
1724,523,57,13,402,70.0,16,1943,3.0
2178,523,57,3,31,70.0,16,608,2.5
2182,523,57,21,1023,70.0,16,2031,2.5
1756,524,34,13,327,70.0,2,555,3.5
1756,524,34,35,1034,71.65558252427185,2,788,3.5
2092,525,57,49,639,68.0,5,1185,3.0
2096,525,57,3,31,71.65558252427185,5,344,3.0
2622,525,57,22,685,71.65558252427185,1,115,3.75
2622,525,57,53,496,72.0,5,281,3.75
2626,525,57,36,616,74.0,5,1242,3.5
2626,525,57,55,1194,72.0,5,1205,3.5
2768,525,57,26,102,71.65558252427185,5,1714,3.75
2768,525,57,23,630,72.0,5,296,3.75
2768,525,57,8,261,72.0,5,912,3.5
733,526,34,18,499,72.0,19,1823,2.5
1169,527,25,35,49,75.0,5,1036,2.5
1169,527,25,35,1310,75.0,5,1603,3.25
1173,527,25,35,50,75.0,5,1112,2.75
457,528,56,35,1165,70.0,5,1583,3.0
457,528,56,57,1100,72.0,5,330,3.25
593,528,56,28,1123,71.0,5,548,3.0
593,528,56,57,545,71.65558252427185,5,552,3.5
593,528,56,24,603,69.0,5,1687,3.75
1848,528,56,8,730,70.0,5,1427,4.0
1912,529,57,57,534,74.0,5,1248,3.0
1912,529,57,3,1369,71.65558252427185,5,1212,3.5
1916,529,57,18,503,71.65558252427185,5,1873,3.75
2346,529,57,57,1054,70.0,5,960,3.5
2406,529,57,1,832,68.0,5,691,3.25
2652,529,57,13,402,70.0,5,433,3.5
741,530,57,57,937,71.65558252427185,1,1255,4.0
769,530,57,13,691,70.0,1,113,3.5
825,530,57,14,433,70.0,1,1081,2.5
825,530,57,10,352,70.0,1,1476,3.0
951,530,57,28,1146,70.0,5,1060,3.25
1042,530,57,14,219,71.65558252427185,1,951,3.25
1042,530,57,53,517,70.0,1,422,3.5
1243,530,57,35,796,71.65558252427185,1,1562,3.0
2656,530,57,49,657,70.0,1,1634,3.0
2374,531,14,15,546,71.65558252427185,12,1330,2.75
2374,531,14,15,546,70.0,12,1193,3.25
2378,531,14,15,546,75.0,12,213,3.0
2518,532,57,35,1166,70.0,1,122,3.5
2522,532,57,49,651,73.0,1,1542,3.25
2522,532,57,31,820,72.0,1,1587,3.5
1948,533,57,13,570,70.0,1,1738,2.5
1948,533,57,28,1147,70.0,1,1727,2.75
2618,534,57,53,1106,70.0,5,1217,3.25
2618,534,57,58,152,71.65558252427185,5,1970,3.5
2618,534,57,13,1388,71.65558252427185,5,1939,3.5
2700,535,57,3,1293,70.0,5,1953,3.0
1574,536,57,34,991,70.0,5,892,3.0
1578,536,57,13,406,70.0,5,1209,3.25
1578,536,57,28,753,70.0,5,1569,3.25
1578,536,57,35,1008,71.65558252427185,5,1575,3.25
1578,536,57,1,147,70.0,5,1402,3.5
1820,537,2,28,864,71.65558252427185,5,1833,3.5
1824,537,2,14,1319,70.0,5,1842,2.75
1824,537,2,49,620,71.65558252427185,5,1680,3.5
697,538,1,3,31,68.0,12,1297,3.5
701,538,1,3,1288,72.0,12,936,3.75
2044,539,3,31,606,72.0,5,928,3.0
2048,539,3,31,450,70.0,5,1012,3.75
2064,539,3,31,1115,75.0,5,1523,3.25
2230,539,3,12,632,71.65558252427185,3,636,3.0
647,540,2,35,1006,71.65558252427185,9,336,3.75
749,540,2,9,338,71.65558252427185,9,442,3.0
749,540,2,23,628,71.65558252427185,9,358,3.5
781,540,2,23,628,71.65558252427185,9,1307,3.25
801,540,2,33,174,72.0,9,1287,3.5
875,540,2,35,1183,70.0,9,2079,3.0
875,540,2,35,1184,70.0,9,135,3.5
875,540,2,13,726,71.65558252427185,9,1739,3.75
879,540,2,14,453,75.0,9,372,3.0
879,540,2,34,577,71.65558252427185,9,914,3.0
879,540,2,13,1175,71.65558252427185,9,1859,3.75
883,540,2,9,663,68.0,9,311,3.25
1996,540,2,8,6,75.0,5,1875,3.75
2036,540,2,2,423,75.0,5,628,3.0
2170,540,2,9,890,71.65558252427185,5,642,3.25
2170,540,2,1,840,71.65558252427185,5,1172,3.5
